slug,route,dose_mg,infusion_h,CL_L_h,V_L,clearance_basis,volume_basis,F_reported,F1_model,KA_h_1,ALAG1_h,stored_half_h,one_compartment_half_h,relative_half_difference,repository_25_percent_half_warning,derived_parameters,half_independent_of_CL_V,target_claims_half_not_used_to_calibrate,independent_literature_auc,stored_auc_ng_h_mL,calculated_auc_ng_h_mL,population,weight_distribution,sampling,sampling_end_over_stored_half,iiv,residual,target_half_summary,target_half_variability,target_auc_summary,target_auc_variability,internal_mapping_issues,clinical_use_status
abciximab,iv_bolus,100,,10.98,100.8,systemic,systemic,1.0,1,,,0.4166666666666667,6.363318378910972,14.271964109386332,True,[],True,True,False,9107.468123861567,9107.468123861565,"{""species"": ""human"", ""group"": ""adult_healthy""}","{""wt_kg"": {""dist"": ""lognormal"", ""median"": 70.0, ""cv"": 0.25, ""min"": 40, ""max"": 120}}","{""t_end_h"": 72.0, ""dt_h"": 0.5, ""include_t0"": true}",172.79999999999998,"{""eta"": {""CL"": 0.09, ""V"": 0.04}, ""corr"": false}","{""type"": ""prop+add"", ""prop"": 0.25, ""add"": 0.0}",arithmetic_mean,"{""type"": ""sd"", ""value"": 1.0}",geometric_mean,"{""type"": ""gcv_percent"", ""value"": 35}",[],HOLD: source/context review and drug-specific variability/model validation required
aciclovir,oral,100,,19.62,46.666666666666664,systemic,systemic,0.1,0.1,1.2,0.5,2.5,1.6486681155010587,0.3405327537995765,True,[],True,True,False,509.683995922528,509.683995922528,"{""species"": ""human"", ""group"": ""adult_healthy""}","{""wt_kg"": {""dist"": ""lognormal"", ""median"": 70.0, ""cv"": 0.25, ""min"": 40, ""max"": 120}}","{""t_end_h"": 72.0, ""dt_h"": 0.5, ""include_t0"": true}",28.8,"{""eta"": {""CL"": 0.09, ""V"": 0.04, ""KA"": 0.16}, ""corr"": false}","{""type"": ""prop+add"", ""prop"": 0.25, ""add"": 0.0}",arithmetic_mean,"{""type"": ""sd"", ""value"": 1.0}",fixture_consistency_check,"{""type"": ""gcv_percent"", ""value"": 35}",[],HOLD: source/context review and drug-specific variability/model validation required
albuterol,iv,1.0,1.0,28.8,160.38152230554428,systemic,systemic,1.0,1,,,3.86,3.8599999999999994,1.1504901809587116e-16,False,"[""V_abs_L_at_70kg""]",False,True,False,34.72222222222222,34.72222222222222,"{""species"": ""human"", ""group"": ""adult_healthy""}","{""wt_kg"": {""dist"": ""lognormal"", ""median"": 70.0, ""cv"": 0.25, ""min"": 40, ""max"": 120}}","{""t_end_h"": 72.0, ""dt_h"": 0.5, ""include_t0"": true}",18.652849740932645,"{""eta"": {""CL"": 0.09, ""V"": 0.04}, ""corr"": false}","{""type"": ""prop+add"", ""prop"": 0.25, ""add"": 0.0}",arithmetic_mean,"{""type"": ""sd"", ""value"": 1.0}",geometric_mean,"{""type"": ""gcv_percent"", ""value"": 35}",[],HOLD: source/context review and drug-specific variability/model validation required
alfentanil,iv_bolus,100,,21.0,70.0,systemic,systemic,1.0,1,,,1.675,2.3104906018664844,0.37939737424864733,True,[],True,True,False,4761.9047619047615,4761.9047619047615,"{""species"": ""human"", ""group"": ""adult_healthy""}","{""wt_kg"": {""dist"": ""lognormal"", ""median"": 70.0, ""cv"": 0.25, ""min"": 40, ""max"": 120}}","{""t_end_h"": 72.0, ""dt_h"": 0.5, ""include_t0"": true}",42.98507462686567,"{""eta"": {""CL"": 0.09, ""V"": 0.04}, ""corr"": false}","{""type"": ""prop+add"", ""prop"": 0.25, ""add"": 0.0}",arithmetic_mean,"{""type"": ""sd"", ""value"": 1.0}",geometric_mean,"{""type"": ""gcv_percent"", ""value"": 35}",[],HOLD: source/context review and drug-specific variability/model validation required
alprazolam,oral,100,,6.3,91.0,apparent,apparent,0.9,1.0,1.2,0.5,12.5,10.012125941421433,0.1990299246862854,False,[],True,True,False,15873.015873015873,15873.015873015873,"{""species"": ""human"", ""group"": ""adult_healthy""}","{""wt_kg"": {""dist"": ""lognormal"", ""median"": 70.0, ""cv"": 0.25, ""min"": 40, ""max"": 120}}","{""t_end_h"": 75.0, ""dt_h"": 0.5, ""include_t0"": true}",6.0,"{""eta"": {""CL"": 0.09, ""V"": 0.04, ""KA"": 0.16}, ""corr"": false}","{""type"": ""prop+add"", ""prop"": 0.25, ""add"": 0.0}",arithmetic_mean,"{""type"": ""sd"", ""value"": 3.125}",geometric_mean,"{""type"": ""gcv_percent"", ""value"": 35}",[],HOLD: source/context review and drug-specific variability/model validation required
amikacin,iv_bolus,100,,6.0,24.0,systemic,systemic,1.0,1,,,2.0,2.772588722239781,0.3862943611198906,True,[],True,True,False,16666.666666666668,16666.666666666668,"{""species"": ""human"", ""group"": ""adult_healthy""}","{""wt_kg"": {""dist"": ""lognormal"", ""median"": 70.0, ""cv"": 0.25, ""min"": 40, ""max"": 120}}","{""t_end_h"": 72.0, ""dt_h"": 0.5, ""include_t0"": true}",36.0,"{""eta"": {""CL"": 0.09, ""V"": 0.04}, ""corr"": false}","{""type"": ""prop+add"", ""prop"": 0.25, ""add"": 0.0}",arithmetic_mean,"{""type"": ""sd"", ""value"": 1.0}",geometric_mean,"{""type"": ""gcv_percent"", ""value"": 35}",[],HOLD: source/context review and drug-specific variability/model validation required
apixaban,oral,10.0,,3.3,57.130723619202946,apparent,apparent,0.5,1.0,1.2,0.5,12.0,11.999999999999998,1.4802973661668753e-16,False,"[""V_abs_L_at_70kg""]",False,True,False,3030.3030303030305,3030.3030303030305,"{""species"": ""human"", ""group"": ""adult_healthy""}","{""wt_kg"": {""dist"": ""lognormal"", ""median"": 70.0, ""cv"": 0.25, ""min"": 40, ""max"": 120}}","{""t_end_h"": 72.0, ""dt_h"": 0.5, ""include_t0"": true}",6.0,"{""eta"": {""CL"": 0.09, ""V"": 0.04, ""KA"": 0.16}, ""corr"": false}","{""type"": ""prop+add"", ""prop"": 0.25, ""add"": 0.0}",arithmetic_mean,"{""type"": ""sd"", ""value"": 1.0}",geometric_mean,"{""type"": ""gcv_percent"", ""value"": 35}",[],HOLD: source/context review and drug-specific variability/model validation required
atazanavir,oral,100,,12.9,88.3,apparent,apparent,,1.0,1.2,0.5,4.6,4.744565584763036,0.03142730103544267,False,[],True,True,False,7751.937984496124,7751.937984496124,"{""species"": ""human"", ""group"": ""adult_healthy""}","{""wt_kg"": {""dist"": ""lognormal"", ""median"": 70.0, ""cv"": 0.25, ""min"": 40, ""max"": 120}}","{""t_end_h"": 72.0, ""dt_h"": 0.5, ""include_t0"": true}",15.65217391304348,"{""eta"": {""CL"": 0.09, ""V"": 0.04, ""KA"": 0.16}, ""corr"": false}","{""type"": ""prop+add"", ""prop"": 0.25, ""add"": 0.0}",arithmetic_mean,"{""type"": ""sd"", ""value"": 1.0}",geometric_mean,"{""type"": ""gcv_percent"", ""value"": 35}",[],HOLD: source/context review and drug-specific variability/model validation required
buprenorphine,iv,0.3,1.0,54.0,806.0,systemic,systemic,1.0,1,,,10.345863472802147,10.345863472802147,0.0,False,"[""t_half_h""]",False,True,False,5.555555555555555,5.555555555555555,"{""species"": ""human"", ""group"": ""adult_healthy""}","{""wt_kg"": {""dist"": ""lognormal"", ""median"": 70.0, ""cv"": 0.25, ""min"": 40, ""max"": 120}}","{""t_end_h"": 72.0, ""dt_h"": 0.5, ""include_t0"": true}",6.959303125280756,"{""eta"": {""CL"": 0.09, ""V"": 0.04}, ""corr"": false}","{""type"": ""prop+add"", ""prop"": 0.25, ""add"": 0.0}",arithmetic_mean,"{""type"": ""sd"", ""value"": 1.0}",geometric_mean,"{""type"": ""gcv_percent"", ""value"": 35}",[],HOLD: source/context review and drug-specific variability/model validation required
carbamazepine,oral,200.0,,4.8,100.41157484587185,apparent,apparent,1.0,1.0,1.2,0.5,14.5,14.5,0.0,False,"[""V_abs_L_at_70kg""]",False,True,False,41666.66666666667,41666.66666666667,"{""species"": ""human"", ""group"": ""adult_healthy""}","{""wt_kg"": {""dist"": ""lognormal"", ""median"": 70.0, ""cv"": 0.25, ""min"": 40, ""max"": 120}}","{""t_end_h"": 72.0, ""dt_h"": 0.5, ""include_t0"": true}",4.9655172413793105,"{""eta"": {""CL"": 0.09, ""V"": 0.04, ""KA"": 0.16}, ""corr"": false}","{""type"": ""prop+add"", ""prop"": 0.25, ""add"": 0.0}",arithmetic_mean,"{""type"": ""sd"", ""value"": 1.0}",geometric_mean,"{""type"": ""gcv_percent"", ""value"": 35}",[],HOLD: source/context review and drug-specific variability/model validation required
cda1,iv_bolus,100,,0.00588,4.9,systemic,systemic,1.0,1,,,685.2,577.622650466621,0.15700138577550932,False,[],True,True,False,17006802.721088436,17006802.721088436,"{""species"": ""human"", ""group"": ""adult_healthy""}","{""wt_kg"": {""dist"": ""lognormal"", ""median"": 70.0, ""cv"": 0.25, ""min"": 40, ""max"": 120}}","{""t_end_h"": 3938.4000000000005, ""dt_h"": 0.5, ""include_t0"": true}",5.747810858143608,"{""eta"": {""CL"": 0.09, ""V"": 0.04}, ""corr"": false}","{""type"": ""prop+add"", ""prop"": 0.25, ""add"": 0.0}",arithmetic_mean,"{""type"": ""sd"", ""value"": 171.3}",geometric_mean,"{""type"": ""gcv_percent"", ""value"": 35}",[],HOLD: source/context review and drug-specific variability/model validation required
cimetidine,oral,100,,29.7,56.0,systemic,systemic,0.6,0.6,1.2,0.5,2.0,1.306944178833567,0.3465279105832165,True,[],True,True,False,2020.2020202020203,2020.2020202020203,"{""species"": ""human"", ""group"": ""adult_healthy""}","{""wt_kg"": {""dist"": ""lognormal"", ""median"": 70.0, ""cv"": 0.25, ""min"": 40, ""max"": 120}}","{""t_end_h"": 72.0, ""dt_h"": 0.5, ""include_t0"": true}",36.0,"{""eta"": {""CL"": 0.09, ""V"": 0.04, ""KA"": 0.16}, ""corr"": false}","{""type"": ""prop+add"", ""prop"": 0.25, ""add"": 0.0}",arithmetic_mean,"{""type"": ""sd"", ""value"": 1.0}",fixture_consistency_check,"{""type"": ""gcv_percent"", ""value"": 35}",[],HOLD: source/context review and drug-specific variability/model validation required
clarithromycin,oral,100,,58.1,172.0,apparent,apparent,0.525,1.0,1.2,0.5,5.0,2.0520019803151563,0.5895996039369688,True,[],True,True,False,1721.170395869191,1721.170395869191,"{""species"": ""human"", ""group"": ""adult_healthy""}","{""wt_kg"": {""dist"": ""lognormal"", ""median"": 70.0, ""cv"": 0.25, ""min"": 40, ""max"": 120}}","{""t_end_h"": 72.0, ""dt_h"": 0.5, ""include_t0"": true}",14.4,"{""eta"": {""CL"": 0.09, ""V"": 0.04, ""KA"": 0.16}, ""corr"": false}","{""type"": ""prop+add"", ""prop"": 0.25, ""add"": 0.0}",arithmetic_mean,"{""type"": ""sd"", ""value"": 1.25}",geometric_mean,"{""type"": ""gcv_percent"", ""value"": 35}",[],HOLD: source/context review and drug-specific variability/model validation required
dapagliflozin,oral,10.0,,12.42,118.0,systemic,systemic,0.78,0.78,1.2,0.5,12.9,6.585456304836839,0.4894995112529582,True,[],True,True,False,628.0193236714975,628.0193236714975,"{""species"": ""human"", ""group"": ""adult_healthy""}","{""wt_kg"": {""dist"": ""lognormal"", ""median"": 70.0, ""cv"": 0.25, ""min"": 40, ""max"": 120}}","{""t_end_h"": 72.0, ""dt_h"": 0.5, ""include_t0"": true}",5.5813953488372094,"{""eta"": {""CL"": 0.09, ""V"": 0.04, ""KA"": 0.16}, ""corr"": false}","{""type"": ""prop+add"", ""prop"": 0.25, ""add"": 0.0}",arithmetic_mean,"{""type"": ""sd"", ""value"": 1.0}",geometric_mean,"{""type"": ""gcv_percent"", ""value"": 35}",[],HOLD: source/context review and drug-specific variability/model validation required
efavirenz,oral,100,,13.9,1163.1007419646824,apparent,apparent,,1.0,1.2,0.5,58.0,58.0,0.0,False,"[""V_abs_L_at_70kg""]",False,True,False,7194.244604316546,7194.244604316546,"{""species"": ""human"", ""group"": ""adult_healthy""}","{""wt_kg"": {""dist"": ""lognormal"", ""median"": 70.0, ""cv"": 0.25, ""min"": 40, ""max"": 120}}","{""t_end_h"": 72.0, ""dt_h"": 0.5, ""include_t0"": true}",1.2413793103448276,"{""eta"": {""CL"": 0.09, ""V"": 0.04, ""KA"": 0.16}, ""corr"": false}","{""type"": ""prop+add"", ""prop"": 0.25, ""add"": 0.0}",arithmetic_mean,"{""type"": ""sd"", ""value"": 1.0}",geometric_mean,"{""type"": ""gcv_percent"", ""value"": 35}",[],HOLD: source/context review and drug-specific variability/model validation required
erythromycin,iv,125.0,1.0,37.1,123.10516783905524,systemic,systemic,1.0,1,,,2.3,2.3,0.0,False,"[""V_abs_L_at_70kg""]",False,True,False,3369.272237196765,3369.272237196765,"{""species"": ""human"", ""group"": ""adult_healthy""}","{""wt_kg"": {""dist"": ""lognormal"", ""median"": 70.0, ""cv"": 0.25, ""min"": 40, ""max"": 120}}","{""t_end_h"": 72.0, ""dt_h"": 0.5, ""include_t0"": true}",31.30434782608696,"{""eta"": {""CL"": 0.09, ""V"": 0.04}, ""corr"": false}","{""type"": ""prop+add"", ""prop"": 0.25, ""add"": 0.0}",arithmetic_mean,"{""type"": ""sd"", ""value"": 1.0}",geometric_mean,"{""type"": ""gcv_percent"", ""value"": 35}",[],HOLD: source/context review and drug-specific variability/model validation required
ethinylestradiol,oral,100,,25.7,632.1673264919305,apparent,apparent,0.43,1.0,1.2,0.5,17.05,17.05,0.0,False,"[""V_abs_L_at_70kg""]",False,True,False,3891.0505836575876,3891.0505836575876,"{""species"": ""human"", ""group"": ""adult_healthy""}","{""wt_kg"": {""dist"": ""lognormal"", ""median"": 70.0, ""cv"": 0.25, ""min"": 40, ""max"": 120}}","{""t_end_h"": 72.0, ""dt_h"": 0.5, ""include_t0"": true}",4.222873900293255,"{""eta"": {""CL"": 0.09, ""V"": 0.04, ""KA"": 0.16}, ""corr"": false}","{""type"": ""prop+add"", ""prop"": 0.25, ""add"": 0.0}",arithmetic_mean,"{""type"": ""sd"", ""value"": 1.0}",geometric_mean,"{""type"": ""gcv_percent"", ""value"": 35}",[],HOLD: source/context review and drug-specific variability/model validation required
felodipine,oral,100,,90.0,700.0,systemic,systemic,0.15,0.15,1.2,0.5,24.5,5.391144737688464,0.7799532760127158,True,[],True,True,False,166.66666666666666,166.66666666666666,"{""species"": ""human"", ""group"": ""adult_healthy""}","{""wt_kg"": {""dist"": ""lognormal"", ""median"": 70.0, ""cv"": 0.25, ""min"": 40, ""max"": 120}}","{""t_end_h"": 147.0, ""dt_h"": 0.5, ""include_t0"": true}",6.0,"{""eta"": {""CL"": 0.09, ""V"": 0.04, ""KA"": 0.16}, ""corr"": false}","{""type"": ""prop+add"", ""prop"": 0.25, ""add"": 0.0}",arithmetic_mean,"{""type"": ""sd"", ""value"": 6.125}",fixture_consistency_check,"{""type"": ""gcv_percent"", ""value"": 35}",[],HOLD: source/context review and drug-specific variability/model validation required
fluconazole,iv,200.0,1.0,0.966,41.80930228496216,systemic,systemic,1.0,1,,,30.0,29.999999999999996,1.1842378929335003e-16,False,"[""V_abs_L_at_70kg""]",False,True,False,207039.33747412008,207039.33747412008,"{""species"": ""human"", ""group"": ""adult_healthy""}","{""wt_kg"": {""dist"": ""lognormal"", ""median"": 70.0, ""cv"": 0.25, ""min"": 40, ""max"": 120}}","{""t_end_h"": 72.0, ""dt_h"": 0.5, ""include_t0"": true}",2.4,"{""eta"": {""CL"": 0.09, ""V"": 0.04}, ""corr"": false}","{""type"": ""prop+add"", ""prop"": 0.25, ""add"": 0.0}",arithmetic_mean,"{""type"": ""sd"", ""value"": 1.0}",geometric_mean,"{""type"": ""gcv_percent"", ""value"": 35}",[],HOLD: source/context review and drug-specific variability/model validation required
fluvoxamine,oral,100,,65.56797653945428,1750.0,apparent,apparent,0.53,1.0,1.2,0.5,18.5,18.5,0.0,False,"[""CL_abs_L_per_h_at_70kg""]",False,True,False,1525.1347575111902,1525.13475751119,"{""species"": ""human"", ""group"": ""adult_healthy""}","{""wt_kg"": {""dist"": ""lognormal"", ""median"": 70.0, ""cv"": 0.25, ""min"": 40, ""max"": 120}}","{""t_end_h"": 72.0, ""dt_h"": 0.5, ""include_t0"": true}",3.891891891891892,"{""eta"": {""CL"": 0.09, ""V"": 0.04, ""KA"": 0.16}, ""corr"": false}","{""type"": ""prop+add"", ""prop"": 0.25, ""add"": 0.0}",arithmetic_mean,"{""type"": ""sd"", ""value"": 1.0}",geometric_mean,"{""type"": ""gcv_percent"", ""value"": 35}",[],HOLD: source/context review and drug-specific variability/model validation required
inulin,iv_bolus,100,,5.61,13.0,systemic,systemic,1.0,1,,,1.6062234130622617,1.6062234130622617,0.0,False,"[""t_half_h""]",False,True,False,17825.311942959,17825.311942959,"{""species"": ""human"", ""group"": ""adult_healthy""}","{""wt_kg"": {""dist"": ""lognormal"", ""median"": 70.0, ""cv"": 0.25, ""min"": 40, ""max"": 120}}","{""t_end_h"": 72.0, ""dt_h"": 0.5, ""include_t0"": true}",44.82564468583617,"{""eta"": {""CL"": 0.09, ""V"": 0.04}, ""corr"": false}","{""type"": ""prop+add"", ""prop"": 0.25, ""add"": 0.0}",arithmetic_mean,"{""type"": ""sd"", ""value"": 1.0}",geometric_mean,"{""type"": ""gcv_percent"", ""value"": 35}",[],HOLD: source/context review and drug-specific variability/model validation required
itraconazole,oral,100,,16.68,700.0,systemic,systemic,0.55,0.55,1.2,0.5,22.0,29.08891045515358,0.32222320250698094,True,[],True,True,False,3297.3621103117507,3297.362110311751,"{""species"": ""human"", ""group"": ""adult_healthy""}","{""wt_kg"": {""dist"": ""lognormal"", ""median"": 70.0, ""cv"": 0.25, ""min"": 40, ""max"": 120}}","{""t_end_h"": 132.0, ""dt_h"": 0.5, ""include_t0"": true}",6.0,"{""eta"": {""CL"": 0.09, ""V"": 0.04, ""KA"": 0.16}, ""corr"": false}","{""type"": ""prop+add"", ""prop"": 0.25, ""add"": 0.0}",arithmetic_mean,"{""type"": ""sd"", ""value"": 5.5}",fixture_consistency_check,"{""type"": ""gcv_percent"", ""value"": 35}",[],HOLD: source/context review and drug-specific variability/model validation required
mefenamic_acid,oral,100,,21.13,74.2,apparent,apparent,,1.0,1.2,0.5,3.0,2.4340520964291503,0.18864930119028323,False,[],True,True,False,4732.60766682442,4732.60766682442,"{""species"": ""human"", ""group"": ""adult_healthy""}","{""wt_kg"": {""dist"": ""lognormal"", ""median"": 70.0, ""cv"": 0.25, ""min"": 40, ""max"": 120}}","{""t_end_h"": 72.0, ""dt_h"": 0.5, ""include_t0"": true}",24.0,"{""eta"": {""CL"": 0.09, ""V"": 0.04, ""KA"": 0.16}, ""corr"": false}","{""type"": ""prop+add"", ""prop"": 0.25, ""add"": 0.0}",arithmetic_mean,"{""type"": ""sd"", ""value"": 1.0}",geometric_mean,"{""type"": ""gcv_percent"", ""value"": 35}",[],HOLD: source/context review and drug-specific variability/model validation required
metoprolol,oral,100,,48.0,346.2468098133512,systemic,systemic,0.5,0.5,1.2,0.5,5.0,4.999999999999999,1.7763568394002506e-16,False,"[""V_abs_L_at_70kg""]",False,True,False,1041.6666666666667,1041.6666666666667,"{""species"": ""human"", ""group"": ""adult_healthy""}","{""wt_kg"": {""dist"": ""lognormal"", ""median"": 70.0, ""cv"": 0.25, ""min"": 40, ""max"": 120}}","{""t_end_h"": 72.0, ""dt_h"": 0.5, ""include_t0"": true}",14.4,"{""eta"": {""CL"": 0.09, ""V"": 0.04, ""KA"": 0.16}, ""corr"": false}","{""type"": ""prop+add"", ""prop"": 0.25, ""add"": 0.0}",arithmetic_mean,"{""type"": ""sd"", ""value"": 1.0}",geometric_mean,"{""type"": ""gcv_percent"", ""value"": 35}",[],HOLD: source/context review and drug-specific variability/model validation required
mexiletine,oral,100,,30.87655622494302,490.0,apparent,apparent,0.9,1.0,1.2,0.5,11.0,11.0,0.0,False,"[""CL_abs_L_per_h_at_70kg""]",False,True,False,3238.7031530160402,3238.70315301604,"{""species"": ""human"", ""group"": ""adult_healthy""}","{""wt_kg"": {""dist"": ""lognormal"", ""median"": 70.0, ""cv"": 0.25, ""min"": 40, ""max"": 120}}","{""t_end_h"": 72.0, ""dt_h"": 0.5, ""include_t0"": true}",6.545454545454546,"{""eta"": {""CL"": 0.09, ""V"": 0.04, ""KA"": 0.16}, ""corr"": false}","{""type"": ""prop+add"", ""prop"": 0.25, ""add"": 0.0}",arithmetic_mean,"{""type"": ""sd"", ""value"": 1.0}",geometric_mean,"{""type"": ""gcv_percent"", ""value"": 35}",[],HOLD: source/context review and drug-specific variability/model validation required
moclobemide,oral,100,,39.4,84.3,systemic,systemic,0.56,0.56,1.2,0.5,1.6,1.4830534853097308,0.0730915716814183,False,[],True,True,False,1421.3197969543148,1421.319796954315,"{""species"": ""human"", ""group"": ""adult_healthy""}","{""wt_kg"": {""dist"": ""lognormal"", ""median"": 70.0, ""cv"": 0.25, ""min"": 40, ""max"": 120}}","{""t_end_h"": 72.0, ""dt_h"": 0.5, ""include_t0"": true}",45.0,"{""eta"": {""CL"": 0.09, ""V"": 0.04, ""KA"": 0.16}, ""corr"": false}","{""type"": ""prop+add"", ""prop"": 0.25, ""add"": 0.0}",arithmetic_mean,"{""type"": ""sd"", ""value"": 1.0}",geometric_mean,"{""type"": ""gcv_percent"", ""value"": 35}",[],HOLD: source/context review and drug-specific variability/model validation required
montelukast,oral,100,,1.8479999999999999,9.7,systemic,systemic,0.615,0.615,1.2,0.5,6.7,3.6382725386533923,0.4569742479621803,True,[],True,True,False,33279.22077922078,33279.22077922078,"{""species"": ""human"", ""group"": ""adult_healthy""}","{""wt_kg"": {""dist"": ""lognormal"", ""median"": 70.0, ""cv"": 0.25, ""min"": 40, ""max"": 120}}","{""t_end_h"": 72.0, ""dt_h"": 0.5, ""include_t0"": true}",10.746268656716417,"{""eta"": {""CL"": 0.09, ""V"": 0.04, ""KA"": 0.16}, ""corr"": false}","{""type"": ""prop+add"", ""prop"": 0.25, ""add"": 0.0}",arithmetic_mean,"{""type"": ""sd"", ""value"": 1.675}",fixture_consistency_check,"{""type"": ""gcv_percent"", ""value"": 35}",[],HOLD: source/context review and drug-specific variability/model validation required
motavizumab_medi_524,iv,100,,0.010229166666666666,7.35,systemic,systemic,1.0,1,,,636.0,498.0495423656796,0.21690323527408867,False,[],True,True,False,9775967.413441956,9775967.413441956,"{""species"": ""human"", ""group"": ""adult_healthy""}","{""wt_kg"": {""dist"": ""lognormal"", ""median"": 70.0, ""cv"": 0.25, ""min"": 40, ""max"": 120}}","{""t_end_h"": 168.0, ""dt_h"": 0.5, ""include_t0"": true}",0.2641509433962264,"{""eta"": {""CL"": 0.09, ""V"": 0.04}, ""corr"": false}","{""type"": ""prop+add"", ""prop"": 0.25, ""add"": 0.0}",arithmetic_mean,"{""type"": ""sd"", ""value"": 1.0}",geometric_mean,"{""type"": ""gcv_percent"", ""value"": 35}",[],HOLD: source/context review and drug-specific variability/model validation required
motavizumab_yte,iv,100.0,1.0,0.0022916666666666667,6.744599316155904,systemic,systemic,1.0,1,,,2040,2040.0,0.0,False,"[""V_abs_L_at_70kg""]",False,True,False,43636363.63636363,43636363.63636364,"{""species"": ""human"", ""group"": ""adult_healthy""}","{""wt_kg"": {""dist"": ""lognormal"", ""median"": 70.0, ""cv"": 0.25, ""min"": 40, ""max"": 120}}","{""t_end_h"": 72.0, ""dt_h"": 0.5, ""include_t0"": true}",0.03529411764705882,"{""eta"": {""CL"": 0.09, ""V"": 0.04}, ""corr"": false}","{""type"": ""prop+add"", ""prop"": 0.25, ""add"": 0.0}",arithmetic_mean,"{""type"": ""sd"", ""value"": 1.0}",geometric_mean,"{""type"": ""gcv_percent"", ""value"": 35}",[],HOLD: source/context review and drug-specific variability/model validation required
omeprazole,oral,100,,43.56,16.1,systemic,systemic,0.35,0.35,1.2,0.5,0.75,0.2561907623281708,0.6584123168957723,True,[],True,True,False,803.4894398530762,803.4894398530762,"{""species"": ""human"", ""group"": ""adult_healthy""}","{""wt_kg"": {""dist"": ""lognormal"", ""median"": 70.0, ""cv"": 0.25, ""min"": 40, ""max"": 120}}","{""t_end_h"": 72.0, ""dt_h"": 0.1, ""include_t0"": true}",96.0,"{""eta"": {""CL"": 0.09, ""V"": 0.04, ""KA"": 0.16}, ""corr"": false}","{""type"": ""prop+add"", ""prop"": 0.25, ""add"": 0.0}",arithmetic_mean,"{""type"": ""sd"", ""value"": 1.0}",fixture_consistency_check,"{""type"": ""gcv_percent"", ""value"": 35}",[],HOLD: source/context review and drug-specific variability/model validation required
raltegravir,oral,400.0,,60.2,677.4318833998217,apparent,apparent,1.0,1.0,1.2,0.5,7.8,7.8,0.0,False,"[""V_abs_L_at_70kg""]",False,True,False,6644.518272425249,6644.518272425249,"{""species"": ""human"", ""group"": ""adult_healthy""}","{""wt_kg"": {""dist"": ""lognormal"", ""median"": 70.0, ""cv"": 0.25, ""min"": 40, ""max"": 120}}","{""t_end_h"": 72.0, ""dt_h"": 0.5, ""include_t0"": true}",9.230769230769232,"{""eta"": {""CL"": 0.09, ""V"": 0.04, ""KA"": 0.16}, ""corr"": false}","{""type"": ""prop+add"", ""prop"": 0.25, ""add"": 0.0}",arithmetic_mean,"{""type"": ""sd"", ""value"": 1.0}",geometric_mean,"{""type"": ""gcv_percent"", ""value"": 35}",[],HOLD: source/context review and drug-specific variability/model validation required
sildenafil,oral,100,,18.195113489698564,105.0,apparent,apparent,0.44,1.0,1.2,0.5,4.0,4.0,0.0,False,"[""CL_abs_L_per_h_at_70kg""]",False,True,False,5495.981108148432,5495.981108148432,"{""species"": ""human"", ""group"": ""adult_healthy""}","{""wt_kg"": {""dist"": ""lognormal"", ""median"": 70.0, ""cv"": 0.25, ""min"": 40, ""max"": 120}}","{""t_end_h"": 72.0, ""dt_h"": 0.5, ""include_t0"": true}",18.0,"{""eta"": {""CL"": 0.09, ""V"": 0.04, ""KA"": 0.16}, ""corr"": false}","{""type"": ""prop+add"", ""prop"": 0.25, ""add"": 0.0}",arithmetic_mean,"{""type"": ""sd"", ""value"": 1.0}",geometric_mean,"{""type"": ""gcv_percent"", ""value"": 35}",[],HOLD: source/context review and drug-specific variability/model validation required
sufentanil,sublingual,0.03,,108.0,2087.868263174508,apparent,apparent,0.53,1.0,1.2,0.5,13.4,13.399999999999999,1.3256394323882465e-16,False,"[""V_abs_L_at_70kg""]",False,True,True,0.278,0.2777777777777778,"{""species"": ""human"", ""group"": ""adult_healthy""}","{""wt_kg"": {""dist"": ""lognormal"", ""median"": 70.0, ""cv"": 0.25, ""min"": 40, ""max"": 120}}","{""t_end_h"": 72.0, ""dt_h"": 0.5, ""include_t0"": true}",5.3731343283582085,"{""eta"": {""CL"": 0.09, ""V"": 0.04, ""KA"": 0.16}, ""corr"": false}","{""type"": ""prop+add"", ""prop"": 0.25, ""add"": 0.0}",arithmetic_mean,"{""type"": ""sd"", ""value"": 1.0}",mean,"{""type"": ""gcv_percent"", ""value"": 35}",[],HOLD: source/context review and drug-specific variability/model validation required
tefibazumab,iv,100,,0.012,7.3,systemic,systemic,1.0,1,,,420.0,421.6645348406334,0.003963178191984271,False,[],True,True,False,8333333.333333333,8333333.333333334,"{""species"": ""human"", ""group"": ""adult_healthy""}","{""wt_kg"": {""dist"": ""lognormal"", ""median"": 70.0, ""cv"": 0.25, ""min"": 40, ""max"": 120}}","{""t_end_h"": 168.0, ""dt_h"": 0.5, ""include_t0"": true}",0.4,"{""eta"": {""CL"": 0.09, ""V"": 0.04}, ""corr"": false}","{""type"": ""prop+add"", ""prop"": 0.25, ""add"": 0.0}",arithmetic_mean,"{""type"": ""sd"", ""value"": 1.0}",geometric_mean,"{""type"": ""gcv_percent"", ""value"": 35}",[],HOLD: source/context review and drug-specific variability/model validation required
tizanidine,oral,100,,46.579490533628324,168.0,systemic,systemic,0.4,0.4,1.2,0.5,2.5,2.5,0.0,False,"[""CL_abs_L_per_h_at_70kg""]",False,True,False,858.7470481481926,858.7470481481924,"{""species"": ""human"", ""group"": ""adult_healthy""}","{""wt_kg"": {""dist"": ""lognormal"", ""median"": 70.0, ""cv"": 0.25, ""min"": 40, ""max"": 120}}","{""t_end_h"": 72.0, ""dt_h"": 0.5, ""include_t0"": true}",28.8,"{""eta"": {""CL"": 0.09, ""V"": 0.04, ""KA"": 0.16}, ""corr"": false}","{""type"": ""prop+add"", ""prop"": 0.25, ""add"": 0.0}",arithmetic_mean,"{""type"": ""sd"", ""value"": 1.0}",geometric_mean,"{""type"": ""gcv_percent"", ""value"": 35}",[],HOLD: source/context review and drug-specific variability/model validation required
triazolam,oral,100,,31.560000000000002,159.36009421659492,apparent,apparent,0.44,1.0,1.2,0.5,3.5,3.5,0.0,False,"[""V_abs_L_at_70kg""]",False,True,False,3168.5678073510776,3168.567807351077,"{""species"": ""human"", ""group"": ""adult_healthy""}","{""wt_kg"": {""dist"": ""lognormal"", ""median"": 70.0, ""cv"": 0.25, ""min"": 40, ""max"": 120}}","{""t_end_h"": 72.0, ""dt_h"": 0.5, ""include_t0"": true}",20.571428571428573,"{""eta"": {""CL"": 0.09, ""V"": 0.04, ""KA"": 0.16}, ""corr"": false}","{""type"": ""prop+add"", ""prop"": 0.25, ""add"": 0.0}",arithmetic_mean,"{""type"": ""sd"", ""value"": 1.0}",fixture_consistency_check,"{""type"": ""gcv_percent"", ""value"": 35}",[],HOLD: source/context review and drug-specific variability/model validation required
verapamil,oral,100,,30.0384,175.7,systemic,systemic,0.2247,0.2247,1.2,0.5,5.1,4.054342429170076,0.20503089624116158,False,[],True,True,False,748.0425055928413,748.0425055928413,"{""species"": ""human"", ""group"": ""adult_healthy""}","{""wt_kg"": {""dist"": ""lognormal"", ""median"": 70.0, ""cv"": 0.25, ""min"": 40, ""max"": 120}}","{""t_end_h"": 72.0, ""dt_h"": 0.5, ""include_t0"": true}",14.11764705882353,"{""eta"": {""CL"": 0.09, ""V"": 0.04, ""KA"": 0.16}, ""corr"": false}","{""type"": ""prop+add"", ""prop"": 0.25, ""add"": 0.0}",arithmetic_mean,"{""type"": ""sd"", ""value"": 1.275}",fixture_consistency_check,"{""type"": ""gcv_percent"", ""value"": 35}",[],HOLD: source/context review and drug-specific variability/model validation required
