slug,parameter,stored_value,verdict,reason,source_urls,locator,access_level,required_action
abciximab,clearance,"{""parsed"": {""value"": 10.98, ""unit"": ""L/h""}, ""basis"": ""systemic"", ""absolute_L_h"": 10.98}",VERIFIED_VALUE_ONLY,一次研究抄録の健康成人30例の定常状態CL 183±72 mL/min（平均±SD）と一致。183×60/1000=10.98 L/h。血管形成患者32例の単回CL 405±240とは区別が必要。,"[""https://pubmed.ncbi.nlm.nih.gov/11907493/"", ""https://www.ebi.ac.uk/europepmc/webservices/rest/search?query=EXT_ID:11907493&format=json&resultType=core""]",原著Abstract Methods/Results,abstract,投与条件・分析対象を原著本文で固定し、同条件のVと組み合わせる。
abciximab,volume,"{""parsed"": {""value"": 1.44, ""unit"": ""L/kg""}, ""basis"": ""systemic"", ""absolute_L"": 100.8}",UNVERIFIED,保存1.44 L/kg×70=100.8 Lは算術上正しい。source_6は403で一次学会抄録を再読できず、Vssの数値・対象・測定法を今回確認済みにはできない。二次検索転載は採用しない。,"[""https://ascpt.onlinelibrary.wiley.com/doi/abs/10.1016/j.clpt.2003.11.342""]",source_6 conference abstract Results（未取得）,unavailable,学会抄録原本を取得し、Vss/Vz/Vc、安定狭心症患者と健康成人CLの適合を再審査。
abciximab,half_life,"{""value_h"": 0.4166666666666667, ""range_h"": [0.3333333333333333, 0.5]}",CONTRADICTION,総説抄録の血漿20–30分は確認できるが、25分という中点は観測平均ではない。FDA原文はfree plasmaの初期<10分・第2相約30分と、その後の遅い減衰を区別するため、targets.phase=terminal/summary=arithmetic_meanは支持されない。,"[""https://pubmed.ncbi.nlm.nih.gov/14618072/"", ""https://www.accessdata.fda.gov/drugsatfda_docs/label/2013/103575s5126lbl.pdf""]",FDA 2013 label Pharmacokinetics p2; review Abstract,mixed,分析対象と相を保持し、中点をfixture由来とする。長い終末相・血小板結合持続と混同しない。
abciximab,bioavailability,"{""fraction"": 1.0, ""model_F1"": null}",FIXTURE_ASSUMPTION,IVのF=1は全投与量を全身入力とする経路定義。実測経口バイオアベイラビリティではない。,"[""https://www.accessdata.fda.gov/drugsatfda_docs/label/2013/103575s5126lbl.pdf""]",FDA Pharmacokinetics,full_label,route_definitionとして明示し、経口・皮下・吸入製剤へ転用しない。
aciclovir,clearance,"{""parsed"": {""value"": 19.62, ""unit"": ""L/h""}, ""basis"": ""systemic"", ""absolute_L_h"": 19.62}",QUALIFIED,注射label Table2のCrCl>80mL/min/1.73m²でCL327mL/min/1.73m²を確認。19.62L/h/1.73m²への単位換算は正しいが、70kgの個人CLに換算した値ではない。,"[""https://dailymed.nlm.nih.gov/dailymed/drugInfo.cfm?setid=69a98000-adef-4323-89a7-09e035a257d4""]",Clinical Pharmacology Table2,full_label,単位にBSA基準を保持し、個人BSAとの写像がないことを機械可読にする。
aciclovir,volume,"{""parsed"": {""value"": 0.6666666666666666, ""unit"": ""L/kg""}, ""basis"": ""systemic"", ""absolute_L"": 46.666666666666664}",QUALIFIED,総説抄録はVssが体重のおよそ2/3と記載し、2-comp動態も明記。46.666…Lは近似2/3L/kg×70kgであり、測定精度や1-comp Vzを意味しない。原著試験は未特定。,"[""https://pubmed.ncbi.nlm.nih.gov/7048912/"", ""https://www.ebi.ac.uk/europepmc/webservices/rest/search?query=EXT_ID:7048912&format=json&resultType=core""]",review Abstract,abstract,Vssとして保持し、同条件原著でVの定義と集団を確認。spec.metaの旧0.6L/kgも追跡可能にする。
aciclovir,half_life,"{""value_h"": 2.5, ""range_h"": [2.5, 3.3]}",FIXTURE_ASSUMPTION,経口labelは2.5–3.3hの範囲。2.5hはその下限で観測算術平均ではない。注射Table2の正常腎機能2.5hとも数値は一致するが、出典条件を置換しない。,"[""https://dailymed.nlm.nih.gov/dailymed/lookup.cfm?setid=e8a0f9f8-294f-4dd6-bd55-10a6253f1aa8"", ""https://dailymed.nlm.nih.gov/dailymed/drugInfo.cfm?setid=69a98000-adef-4323-89a7-09e035a257d4""]",oral Table1; injection Table2,full_label,range/lower_boundとして記録し、targets.summary=arithmetic_meanを再評価。
aciclovir,bioavailability,"{""fraction"": 0.1, ""model_F1"": 0.1}",FIXTURE_ASSUMPTION,経口labelの平均経口F範囲10–20%、用量増加とともに低下を確認。保存F=.1は範囲下限の選択で単回100mgの実測値ではない。,"[""https://dailymed.nlm.nih.gov/dailymed/lookup.cfm?setid=e8a0f9f8-294f-4dd6-bd55-10a6253f1aa8""]",Clinical Pharmacology Table1 footnote and Table2,full_label,100mg・製剤・食事条件に対応するFを特定するまで固定臨床値として採用しない。
albuterol,clearance,"{""parsed"": {""value"": 28.8, ""unit"": ""L/h""}, ""basis"": ""systemic"", ""absolute_L_h"": 28.8}",VERIFIED_VALUE_ONLY,健康被験者10例IVでtotal plasma CL480±123mL/minを原著抄録で確認。×60/1000=28.8L/hは正しい。,"[""https://pubmed.ncbi.nlm.nih.gov/3790406/""]",原著Abstract,abstract,投与量・infusion時間、分析方法は本文で確認し、現1mg/1hへの適用性を判定。
albuterol,volume,"{""parsed"": {""value"": 160.38152230554428, ""unit"": ""L""}, ""basis"": ""systemic"", ""absolute_L"": 160.38152230554428}",DERIVED,28.8×3.86/ln2=160.3815Lという1-comp逆算。直接報告Vではない。抄録のV表示には単位の文字連結があり、それを生の定量値として再解釈しない。,"[""https://pubmed.ncbi.nlm.nih.gov/3790406/""]",保存conversion formula; Abstract,abstract,derived_volumeと表示し、原著のV定義・数値をPDFで確認。
albuterol,half_life,"{""value_h"": 3.86, ""range_h"": null}",VERIFIED_VALUE_ONLY,原著抄録のIV半減期3.86±0.83hと保存3.86hは一致。保存targetsのSD1.0hは原著SDではない。Vの導出入力でもあり独立検証用ではない。,"[""https://pubmed.ncbi.nlm.nih.gov/3790406/""]",原著Abstract,abstract,文献SDとfixture SDを区別し、used_to_calibrate_cl_v=falseを訂正候補にする。
albuterol,bioavailability,"{""fraction"": 1.0, ""model_F1"": null}",FIXTURE_ASSUMPTION,IVのF=1は全投与量を全身入力とする経路定義。実測経口バイオアベイラビリティではない。,"[""https://pubmed.ncbi.nlm.nih.gov/3790406/""]",IV cohort in original Abstract,abstract,route_definitionとして明示し、経口・皮下・吸入製剤へ転用しない。
alfentanil,clearance,"{""parsed"": {""value"": 0.3, ""unit"": ""L/h/kg""}, ""basis"": ""systemic"", ""absolute_L_h"": 21.0}",VERIFIED_VALUE_ONLY,label平均血漿CL5mL/kg/minを確認。×70×60/1000=21L/h。成人/肝機能/併用麻酔薬等を条件として保持する必要。,"[""https://dailymed.nlm.nih.gov/dailymed/downloadpdffile.cfm?setId=c965d63f-933b-4a83-88f6-c8c74159530b""]",Clinical Pharmacology pp1–2,full_label,対象集団・投与条件を特定し、70kgは明示的fixture基準とする。
alfentanil,volume,"{""parsed"": {""value"": 1.0, ""unit"": ""L/kg""}, ""basis"": ""systemic"", ""absolute_L"": 70.0}",FIXTURE_ASSUMPTION,labelのapparent V0.4–1L/kgはIVなのでV/Fを意味しない。保存70Lは上限1×70kgで、測定された平均VではなくVss/Vzの別もlabelだけでは確定できない。,"[""https://dailymed.nlm.nih.gov/dailymed/downloadpdffile.cfm?setId=c965d63f-933b-4a83-88f6-c8c74159530b""]",Clinical Pharmacology p2,full_label,範囲と上限選択を保持し、Vの定義は原著で確定。
alfentanil,half_life,"{""value_h"": 1.675, ""range_h"": [1.5, 1.85]}",FIXTURE_ASSUMPTION,labelは3-compで分布相1分/14分、終末90–111分。1.675hは(90+111)/2/60の中点で観測平均でない。,"[""https://dailymed.nlm.nih.gov/dailymed/downloadpdffile.cfm?setId=c965d63f-933b-4a83-88f6-c8c74159530b""]",Clinical Pharmacology pp1–2,full_label,targetsのarithmetic_meanを中点由来に区別し、3-comp情報を落とさない。
alfentanil,bioavailability,"{""fraction"": 1.0, ""model_F1"": null}",FIXTURE_ASSUMPTION,IVのF=1は全投与量を全身入力とする経路定義。実測経口バイオアベイラビリティではない。,"[""https://dailymed.nlm.nih.gov/dailymed/downloadpdffile.cfm?setId=c965d63f-933b-4a83-88f6-c8c74159530b""]",Description and Clinical Pharmacology,full_label,route_definitionとして明示し、経口・皮下・吸入製剤へ転用しない。
alprazolam,clearance,"{""parsed"": {""value"": 0.09, ""unit"": ""L/h/kg""}, ""basis"": ""apparent"", ""absolute_L_h"": 6.3}",QUALIFIED,総説抄録は1mg経口後CL0.7–1.5mL/min/kg。上限×70×60/1000=6.3L/hは算術上正しいが、CL/Fの定義と上限の研究集団は抄録だけで未確定。別の一次IV/経口試験は経口0.89を報告。,"[""https://pubmed.ncbi.nlm.nih.gov/8513649/"", ""https://www.ebi.ac.uk/europepmc/webservices/rest/search?query=EXT_ID:8513649&format=json&resultType=core"", ""https://pubmed.ncbi.nlm.nih.gov/6152055/"", ""https://www.ebi.ac.uk/europepmc/webservices/rest/search?query=EXT_ID:6152055&format=json&resultType=core""]",review Abstract; primary crossover trial Abstract,abstract,総説の元研究まで辿り、F補正済みか確定するまでbasis=confirmedを撤回候補とする。
alprazolam,volume,"{""parsed"": {""value"": 1.3, ""unit"": ""L/kg""}, ""basis"": ""apparent"", ""absolute_L"": 91.0}",QUALIFIED,総説の0.8–1.3L/kgの上限1.3×70=91L。抄録のみでV/F、Vss/Vzを確認できない。一次1mg crossoverでは経口0.84L/kgであり、異試験の上限を一律成人に置けない。,"[""https://pubmed.ncbi.nlm.nih.gov/8513649/"", ""https://www.ebi.ac.uk/europepmc/webservices/rest/search?query=EXT_ID:8513649&format=json&resultType=core"", ""https://pubmed.ncbi.nlm.nih.gov/6152055/"", ""https://www.ebi.ac.uk/europepmc/webservices/rest/search?query=EXT_ID:6152055&format=json&resultType=core""]",review/primary Abstract,abstract,値の定義・F補正と同じCLの研究を確認。
alprazolam,half_life,"{""value_h"": 12.5, ""range_h"": [9.0, 16.0]}",FIXTURE_ASSUMPTION,総説9–16hから12.5hを中点化。一次crossoverの経口11.8hという実測平均とは異なり、保存値を観測平均と扱わない。,"[""https://pubmed.ncbi.nlm.nih.gov/8513649/"", ""https://www.ebi.ac.uk/europepmc/webservices/rest/search?query=EXT_ID:8513649&format=json&resultType=core"", ""https://pubmed.ncbi.nlm.nih.gov/6152055/"", ""https://www.ebi.ac.uk/europepmc/webservices/rest/search?query=EXT_ID:6152055&format=json&resultType=core""]",review/primary Abstract,abstract,範囲中点とtargets arithmetic_meanを区別する。
alprazolam,bioavailability,"{""fraction"": 0.9, ""model_F1"": 1.0}",FIXTURE_ASSUMPTION,総説の80–100%から0.9を選んだもの。一次1mg crossoverは平均0.92、ER labelは約0.9を記載するが、ERと現specの製剤未指定・KA1.2の同一性はない。,"[""https://pubmed.ncbi.nlm.nih.gov/8513649/"", ""https://www.ebi.ac.uk/europepmc/webservices/rest/search?query=EXT_ID:8513649&format=json&resultType=core"", ""https://pubmed.ncbi.nlm.nih.gov/6152055/"", ""https://www.ebi.ac.uk/europepmc/webservices/rest/search?query=EXT_ID:6152055&format=json&resultType=core"", ""https://dailymed.nlm.nih.gov/dailymed/drugInfo.cfm?setid=29477df1-68aa-44b3-bf9e-80ecff6ce879""]",review Abstract; primary Abstract; ER label12.3,mixed,製剤・食事・用量別Fを固定し、apparentモデルF1=1と実測Fを区別。
amikacin,clearance,"{""parsed"": {""value"": 6.0, ""unit"": ""L/h""}, ""basis"": ""systemic"", ""absolute_L_h"": 6.0}",VERIFIED_VALUE_ONLY,正常腎機能成人の平均血清CL約100mL/minと一致。×60/1000=6L/h。約値であり腎CL94mL/minとは区別。,"[""https://dailymed.nlm.nih.gov/dailymed/drugInfo.cfm?setid=0b56f6df-a05d-4520-8bf0-d7cefe20f6ad""]",Clinical Pharmacology General,full_label,約値・正常腎機能・血清matrixを保持。
amikacin,volume,"{""parsed"": {""value"": 24.0, ""unit"": ""L""}, ""basis"": ""systemic"", ""absolute_L"": 24.0}",VERIFIED_VALUE_ONLY,正常成人のmean total apparent V24Lは一致。IV文脈のapparentはV/Fではない。併記28%体重を70kgへ換算した値ではなく、24Lは原文絶対値。Vss/Vzの定義は未確定。,"[""https://dailymed.nlm.nih.gov/dailymed/drugInfo.cfm?setid=0b56f6df-a05d-4520-8bf0-d7cefe20f6ad""]",Clinical Pharmacology General,full_label,24L=70kgの28%と誤解させず、元試験のV定義を確認。
amikacin,half_life,"{""value_h"": 2.0, ""range_h"": [2.0, 2.0]}",CONTRADICTION,"原文は2時間をやや超えると記述する。保存2.0hおよび範囲[2,2]は厳密な原文転記ではなく、定性的な近似を確定値へ変えている。","[""https://dailymed.nlm.nih.gov/dailymed/drugInfo.cfm?setid=0b56f6df-a05d-4520-8bf0-d7cefe20f6ad""]",Clinical Pharmacology General,full_label,原文修飾を構造化し、exact observed meanとして扱わない。推測で2.xを補わない。
amikacin,bioavailability,"{""fraction"": 1.0, ""model_F1"": null}",FIXTURE_ASSUMPTION,IVのF=1は全投与量を全身入力とする経路定義。実測経口バイオアベイラビリティではない。,"[""https://dailymed.nlm.nih.gov/dailymed/drugInfo.cfm?setid=0b56f6df-a05d-4520-8bf0-d7cefe20f6ad""]",Clinical Pharmacology Intravenous Administration,full_label,route_definitionとして明示し、経口・皮下・吸入製剤へ転用しない。
apixaban,clearance,"{""parsed"": {""value"": 3.3, ""unit"": ""L/h""}, ""basis"": ""apparent"", ""absolute_L_h"": 3.3}",CONTRADICTION,label3.3L/hの数値は一致するがtotal CLをCL/Fへ読み替える根拠はない。一次IV研究はtotal plasma CL3.2–3.5L/hを報告。保存systemic=3.3×.5=1.65L/hはこのbasisと不整合。,"[""https://dailymed.nlm.nih.gov/dailymed/drugInfo.cfm?setid=095a08ac-cf0e-497e-a682-ddef38d6b29c"", ""https://pubmed.ncbi.nlm.nih.gov/34342172/"", ""https://www.ebi.ac.uk/europepmc/webservices/rest/search?query=EXT_ID:34342172&format=json&resultType=core""]",label12.3 Elimination; IV trial Abstract,mixed,systemic/apparentを原著で固定し、spec/derived/AUCを一貫して再パラメータ化。監査では推測修正しない。
apixaban,volume,"{""parsed"": {""value"": 57.130723619202946, ""unit"": ""L""}, ""basis"": ""apparent"", ""absolute_L"": 57.130723619202946}",DERIVED,57.1307Lは3.3×12/ln2からの1-comp逆算でlabelの実測Vではない。labelはVss約21L、IV原著はVss17–26L。Vssと逆算Vz相当を混同しないが、保存V/FというbasisはCL誤分類を継承。,"[""https://dailymed.nlm.nih.gov/dailymed/drugInfo.cfm?setid=095a08ac-cf0e-497e-a682-ddef38d6b29c"", ""https://pubmed.ncbi.nlm.nih.gov/34342172/"", ""https://www.ebi.ac.uk/europepmc/webservices/rest/search?query=EXT_ID:34342172&format=json&resultType=core""]",label12.3 Distribution; stored conversion,mixed,CL basis解決後、Vの定義と導出を再審査。21Lへ単純置換して半減期を合わせない。
apixaban,half_life,"{""value_h"": 12.0, ""range_h"": null}",VERIFIED_VALUE_ONLY,labelの経口後apparent半減期約12hと一致。Vの導出入力なのでhalf-life一致は独立した臨床検証ではない。,"[""https://dailymed.nlm.nih.gov/dailymed/drugInfo.cfm?setid=095a08ac-cf0e-497e-a682-ddef38d6b29c""]",label12.3 Elimination,full_label,約値と導出への依存関係を記録。
apixaban,bioavailability,"{""fraction"": 0.5, ""model_F1"": 1.0}",QUALIFIED,label F約50%は≤10mg条件で確認。現spec10mgはその範囲内。ただしCL3.3をsystemicと見ると、F1=1/CL3.3によるAUCはF=.5/CL3.3の約2倍となる。IV原著F66.2%は別試験値で自動置換しない。,"[""https://dailymed.nlm.nih.gov/dailymed/drugInfo.cfm?setid=095a08ac-cf0e-497e-a682-ddef38d6b29c"", ""https://pubmed.ncbi.nlm.nih.gov/34342172/"", ""https://www.ebi.ac.uk/europepmc/webservices/rest/search?query=EXT_ID:34342172&format=json&resultType=core""]",label12.3 Absorption; IV/oral trial Abstract,mixed,Fの分母とモデルbasisを同じ研究・条件に統一。
atazanavir,clearance,"{""parsed"": {""value"": 12.9, ""unit"": ""L/h""}, ""basis"": ""apparent"", ""absolute_L_h"": 12.9}",VERIFIED_VALUE_ONLY,原著Table3 CL/F12.9L/hを確認。HIV患者214例・定常状態・RTV非併用を基準とし、RTVはCLを46%減らすモデル。無条件健康成人のCLではない。,"[""https://pmc.ncbi.nlm.nih.gov/articles/PMC1635184/""]",Table3; Materials and Methods; covariate Results,full_paper,HIV/定常状態/RTVをscenarioに結び、基準条件を明示。
atazanavir,volume,"{""parsed"": {""value"": 88.3, ""unit"": ""L""}, ""basis"": ""apparent"", ""absolute_L"": 88.3}",VERIFIED_VALUE_ONLY,Table3 V/F88.3Lと一致。原著は1-comp oral population modelであり、絶対Vへの換算には未知Fが必要。,"[""https://pmc.ncbi.nlm.nih.gov/articles/PMC1635184/""]",Table3; Structural model,full_paper,同じモデルのKA、lag、relative F・変動モデルも含めた適用性を確認。
atazanavir,half_life,"{""value_h"": 4.6, ""range_h"": [4.6, 4.6]}",QUALIFIED,原著はRTVなし4.6h、あり8.8h。4.6hを保持したことは確認できるがunboosted条件を落とせない。CL/Vの丸められた点推定からは約4.74hとなり、転記矛盾とは限らない。,"[""https://pmc.ncbi.nlm.nih.gov/articles/PMC1635184/""]",Abstract and Results ritonavir covariate,full_paper,unboostedか明記し、臨床平均やSDの根拠を補う。
atazanavir,bioavailability,"{""fraction"": null, ""model_F1"": 1.0}",UNVERIFIED,絶対Fはnullで、これは未測定・未特定として妥当。原著F_sparse=.81とF_rich=1は相対F/服薬状況のモデルで絶対吸収率ではない。spec F1=1はCL/F表現上の規約。,"[""https://pmc.ncbi.nlm.nih.gov/articles/PMC1635184/""]",Table3 footnotes; Structural model,full_paper,絶対Fを埋めず、relative F、normalization F1を分離する。
buprenorphine,clearance,"{""parsed"": {""value"": 54.0, ""unit"": ""L/h""}, ""basis"": ""systemic"", ""absolute_L_h"": 54.0}",QUALIFIED,原著5名の健康男性・非依存IV opioid使用者、2–16mg IV（1分）で全用量平均±SE54.0±1.7L/hを確認。現0.3mg/1h・healthy一般成人とは異なる。,"[""https://pmc.ncbi.nlm.nih.gov/articles/PMC3663890/""]",Results; Table1; Methods2.1–2.3,full_paper,集団・塩酸塩dose basis・投与時間・外挿範囲を固定。
buprenorphine,volume,"{""parsed"": {""value"": 806.0, ""unit"": ""L""}, ""basis"": ""systemic"", ""absolute_L"": 806.0}",CONTRADICTION,本文/表は806.4±38.2L、保存raw_value806は丸めでexact source値でない。表はVz(predicted)/Fかつ単位欄L/hとあり、本文Lとの原著内部表記差もある。Vss/Vcとはみなせない。,"[""https://pmc.ncbi.nlm.nih.gov/articles/PMC3663890/""]",Results and Table1 Vz(predicted)/F row and footnote,full_paper,806.4→806の変更理由を保存し、原著著者/補足でV定義・単位・CL/half-lifeとの関係を確認。
buprenorphine,half_life,"{""value_h"": 10.345863472802147, ""range_h"": null}",DERIVED,10.3459h=ln2×806/54は計算上正しいが原著terminal平均±SE25.0±1.3hではない。保存provenanceは導出と記載する一方、targets.phase=terminal/summary=arithmetic_meanは実測との誤認を招く。,"[""https://pmc.ncbi.nlm.nih.gov/articles/PMC3663890/""]",Results; Table1 t1/2 Lambda z,full_paper,observed terminal25hとfixture calculated10.35hを別項目に分け、独立チェックとしない。
buprenorphine,bioavailability,"{""fraction"": 1.0, ""model_F1"": null}",FIXTURE_ASSUMPTION,IVのF=1は全投与量を全身入力とする経路定義。実測経口バイオアベイラビリティではない。,"[""https://pmc.ncbi.nlm.nih.gov/articles/PMC3663890/""]",Methods IV administration,full_paper,route_definitionとして明示し、経口・皮下・吸入製剤へ転用しない。
carbamazepine,clearance,"{""parsed"": {""value"": 4.8, ""unit"": ""L/h""}, ""basis"": ""apparent"", ""absolute_L_h"": 4.8}",QUALIFIED,別公式ER labelは単回CL/F25±5、反復80±30mL/minを明示。保存4.8L/h=80×60/1000は反復値として正しいが、現single scenarioへは自動適用できない。,"[""https://dailymed.nlm.nih.gov/dailymed/drugInfo.cfm?setid=52f0f753-a70c-4572-a85c-97ea7a2601a9"", ""https://dailymed.nlm.nih.gov/dailymed/drugInfo.cfm?setid=c1876184-0323-4b06-b459-603b40c0c002""]",Alternative ER label Clinical Pharmacology Pharmacokinetics,full_label,自己誘導の定常状態と単回を区別し、元sourceの版・製剤も確定。
carbamazepine,volume,"{""parsed"": {""value"": 100.41157484587185, ""unit"": ""L""}, ""basis"": ""apparent"", ""absolute_L"": 100.41157484587185}",DERIVED,4.8×14.5/ln2=100.4116Lは1-comp V/F逆算で観測Vでない。反復CLと半減期中点を入力としているため独立に検証されたVではない。,"[""https://dailymed.nlm.nih.gov/dailymed/drugInfo.cfm?setid=c1876184-0323-4b06-b459-603b40c0c002""]",stored formula; alternative label Pharmacokinetics,full_label,derived と記載し、単回/反復条件を合わせて導出の必要性を再評価。
carbamazepine,half_life,"{""value_h"": 14.5, ""range_h"": null}",FIXTURE_ASSUMPTION,別ER labelは単回35–40h、反復12–17h。保存14.5hは後者の中点。単回初回200mgの観測平均としては支持されない。,"[""https://dailymed.nlm.nih.gov/dailymed/drugInfo.cfm?setid=c1876184-0323-4b06-b459-603b40c0c002""]",Alternative ER label Pharmacokinetics,full_label,autoinduced steady-state fixtureか初回投与か明示し、target summaryを修正審査。
carbamazepine,bioavailability,"{""fraction"": 1.0, ""model_F1"": 1.0}",UNVERIFIED,pk_parsed F=1の絶対バイオアベイラビリティ根拠がない。モデルF1=1はCL/FとV/Fを使用するための正規化値で、完全吸収の証拠ではない。,"[""https://dailymed.nlm.nih.gov/dailymed/drugInfo.cfm?setid=c1876184-0323-4b06-b459-603b40c0c002""]",alternative label and stored apparent basis,full_label,実測Fは未確認とし、normalization F1と別フィールドに分離。
cda1,clearance,"{""parsed"": {""value"": 8.4e-05, ""unit"": ""L/h/kg""}, ""basis"": ""systemic"", ""absolute_L_h"": 0.00588}",VERIFIED_VALUE_ONLY,Table2の1mg/kg群median CL.0014mL/min/kgを確認（他群にも同値あり）。.0014×60/1000×70=.00588L/hは正しい。群中央値でpopulation arithmetic meanではない。,"[""https://pmc.ncbi.nlm.nih.gov/articles/PMC2628753/""]","Table2 CL,1.0mg/kg row; footnote median(range)",full_paper,Vと同じ群・要約統計で選定し、体重換算仮定を保持。
cda1,volume,"{""parsed"": {""value"": 0.07, ""unit"": ""L/kg""}, ""basis"": ""systemic"", ""absolute_L"": 4.9}",VERIFIED_VALUE_ONLY,Table2 Vd.070L/kgは0.3mg/kg群中央値、×70=4.9L。CL選択1mg/kg群のVdは.081L/kgであり、現CL/Vは同群ではない。,"[""https://pmc.ncbi.nlm.nih.gov/articles/PMC2628753/""]","Table2 Vd,0.3mg/kg row",full_paper,同群のCL/V/terminal half-lifeを一組として検討。Vss/Vzの定義はMethodsから追加確認。
cda1,half_life,"{""value_h"": 685.2, ""range_h"": [607.2, 763.2]}",FIXTURE_ASSUMPTION,抄録の群別geometric mean25.3–31.8日を確認。保存685.2h=(25.3+31.8)/2×24は群間範囲の中点。Table2中央値550–728hとは要約統計が異なる。,"[""https://pmc.ncbi.nlm.nih.gov/articles/PMC2628753/"", ""https://pubmed.ncbi.nlm.nih.gov/18502001/"", ""https://www.ebi.ac.uk/europepmc/webservices/rest/search?query=EXT_ID:18502001&format=json&resultType=core""]",Abstract; Table2 median(range),mixed,targets arithmetic_meanを撤回候補とし、同群同統計量を選ぶ。
cda1,bioavailability,"{""fraction"": 1.0, ""model_F1"": null}",FIXTURE_ASSUMPTION,IVのF=1は全投与量を全身入力とする経路定義。実測経口バイオアベイラビリティではない。,"[""https://pmc.ncbi.nlm.nih.gov/articles/PMC2628753/""]",Methods intravenous infusion,full_paper,route_definitionとして明示し、経口・皮下・吸入製剤へ転用しない。
cimetidine,clearance,"{""parsed"": {""value"": 29.7, ""unit"": ""L/h""}, ""basis"": ""systemic"", ""absolute_L_h"": 29.7}",VERIFIED_VALUE_ONLY,胃潰瘍6名/十二指腸潰瘍6名、28–64歳の200mg IV/経口試験でplasma CL495mL/minを確認。×60/1000=29.7L/h。pk_raw500は旧丸め値で解析値と異なる。,"[""https://pubmed.ncbi.nlm.nih.gov/7363531/""]",原著Abstract,abstract,原文495とlegacy500を分離し、年齢・腎機能の条件を確認。
cimetidine,volume,"{""parsed"": {""value"": 0.8, ""unit"": ""L/kg""}, ""basis"": ""systemic"", ""absolute_L"": 56.0}",QUALIFIED,原著抄録はVssが体重約80%。.8L/kg×70=56Lの近似は追跡可能だが、terminal VzでもV/Fでもない。,"[""https://pubmed.ncbi.nlm.nih.gov/7363531/""]",原著Abstract,abstract,Vss→1-comp Vの限界を保持し、同研究のモデル定義を全文で確認。
cimetidine,half_life,"{""value_h"": 2.0, ""range_h"": [2.0, 2.0]}",VERIFIED_VALUE_ONLY,原著抄録と経口labelが約2hを支持。高齢ほど延長という原著条件があり、固定SD1hは文献値ではない。,"[""https://pubmed.ncbi.nlm.nih.gov/7363531/"", ""https://dailymed.nlm.nih.gov/dailymed/lookup.cfm?setid=496e258d-a5fd-42da-9a86-73afc8be359b""]",Abstract; label Pharmacokinetics,mixed,約値・年齢依存とfixture variabilityを分離。
cimetidine,bioavailability,"{""fraction"": 0.6, ""model_F1"": 0.6}",QUALIFIED,原著200mg IV/経口の潰瘍患者12名でF約60%を確認。健康成人100mgの固定Fとしては未検証。systemic CL/VとF1=.6の代数的組合せは整合する。,"[""https://pubmed.ncbi.nlm.nih.gov/7363531/""]",原著Abstract,abstract,対象・用量・食事条件を一致させて採用。
clarithromycin,clearance,"{""parsed"": {""value"": 58.1, ""unit"": ""L/h""}, ""basis"": ""apparent"", ""absolute_L_h"": 58.1}",UNVERIFIED,総説抄録にadult total body CL29.2–58.1L/hは存在するが、上限58.1をCL/Fとする一次研究・定義は未特定。V出典の原著Table1はapparent base CL60L/hで自己阻害により時間変化する。,"[""https://pubmed.ncbi.nlm.nih.gov/10589373/"", ""https://www.ebi.ac.uk/europepmc/webservices/rest/search?query=EXT_ID:10589373&format=json&resultType=core"", ""https://journals.asm.org/doi/10.1128/aac.01193-08""]",review Abstract; original Table1/Results,mixed,58.1の元研究とsystemic/apparent basisを確認し、同モデルVと対にする。
clarithromycin,volume,"{""parsed"": {""value"": 172.0, ""unit"": ""L""}, ""basis"": ""apparent"", ""absolute_L"": 172.0}",QUALIFIED,健康成人12例・絶食・懸濁液500mg q12h計7回の自己阻害モデルTable1でapparent V172L（95%CI145–198）を確認。これは同モデルの時間依存CLと組み合わせた推定で、別総説CL上限との互換性は示されていない。,"[""https://journals.asm.org/doi/10.1128/aac.01193-08""]",Table1; Results final model,full_paper,同原著の吸収・阻害モデル、対象・用量を保持して採用審査。
clarithromycin,half_life,"{""value_h"": 5.0, ""range_h"": [3.0, 7.0]}",FIXTURE_ASSUMPTION,即放錠labelは250mg q12hで3–4h、500mg q8–12hで5–7h。保存5hは異なる投与条件を合わせた3–7hの中点で、単回100mgの平均ではない。,"[""https://dailymed.nlm.nih.gov/dailymed/lookup.cfm?setid=b1bdf526-4f16-4130-b614-4cb678f060d7""]",Clinical Pharmacology Pharmacokinetics,full_label,用量・反復条件ごとに別レコード化し、arithmetic_meanを撤回候補に。
clarithromycin,bioavailability,"{""fraction"": 0.525, ""model_F1"": 1.0}",FIXTURE_ASSUMPTION,labelは250mg錠absolute F約.50、総説は52–55%。保存.525は混成範囲50–55%の中点で、特定試験の実測値・平均ではなくvalue_provenanceも未記載。,"[""https://dailymed.nlm.nih.gov/dailymed/lookup.cfm?setid=b1bdf526-4f16-4130-b614-4cb678f060d7"", ""https://pubmed.ncbi.nlm.nih.gov/10589373/"", ""https://www.ebi.ac.uk/europepmc/webservices/rest/search?query=EXT_ID:10589373&format=json&resultType=core""]",label Pharmacokinetics; review Abstract,mixed,製剤・用量別原著と変換根拠を追加し、systemic派生値への採用保留。
dapagliflozin,clearance,12.42 L/h (systemic),VERIFIED_VALUE_ONLY,source_1 Table 24、絶食健常者n=7、経口10 mg後に静注80 μg。CL幾何平均207 mL/minの換算207×60/1000=12.42は正しい。CL/Fではない。,"[""https://www.accessdata.fda.gov/drugsatfda_docs/nda/2014/202293Orig1s000ClinPharmR.pdf""]","FDA clinical pharmacology review PDF p.75 (printed p.64), Table 24",full_label,幾何平均・CV23%・静注microdoseの条件を保持。
dapagliflozin,volume,118 L (systemic Vss),QUALIFIED,Table 24の静注Vss算術平均118 L(SD31.6)は一致。Vc/Vzではなく、1-compartmentの単一Vに置くと終末相再現の根拠にならない。,"[""https://www.accessdata.fda.gov/drugsatfda_docs/nda/2014/202293Orig1s000ClinPharmR.pdf""]","Table 24, Vss row",full_label,Vssの定義をモデル外でも明示し、終末相を臨床再現すると主張しない。
dapagliflozin,half_life,12.9 h,QUALIFIED,Table 1に平均12.9 h(SD5.54)がある。ただしCL/V/Fを取ったTable 24の半減期は経口13.7 h、静注12.2 hであり同一表の推定値ではない。,"[""https://www.accessdata.fda.gov/drugsatfda_docs/nda/2014/202293Orig1s000ClinPharmR.pdf""]","PDF p.19 (printed p.8), Table 1; PDF p.75, Table 24",full_label,別集計との組合せを明示。ln(2)×118/12.42≈6.59 hとの差を転記ミスと扱わない。
dapagliflozin,bioavailability,0.78,QUALIFIED,Table 24の絶対経口Fは77.8%(幾何平均)なので厳密換算は0.778。本文には78%ともあり0.78は丸め値として支持されるが、現formula=77.8/100だけでは再現しない。,"[""https://www.accessdata.fda.gov/drugsatfda_docs/nda/2014/202293Orig1s000ClinPharmR.pdf""]",Section 2.8.5 and Table 24,full_label,元77.8%、換算0.778、丸め0.78を分離して記録。
efavirenz,clearance,13.9 L/h (CL/F),QUALIFIED,source_2原著は白人HIV患者89名、600 mg/dayのPopPK。13.9は基準遺伝子型のCL/Fで、V/F237 L/70kgとka0.3/hを固定して推定。成人健常者100 mg単回のCLとして未検証。,"[""https://pubmed.ncbi.nlm.nih.gov/40851704/"", ""https://pmc.ncbi.nlm.nih.gov/articles/PMC12370162/""]","Abstract; Methods, Population pharmacokinetic modelling; Discussion",full_paper,対象、定常状態、CYP2B6基準遺伝子型、固定パラメータを保持。
efavirenz,volume,1163.1007419646824 L (V/F),DERIVED,13.9×58/ln(2)の算術は一致する。原著の固定V/F237 L/70kgとは別の値で、単回半減期を反復投与CLに結合している。,"[""https://dailymed.nlm.nih.gov/dailymed/lookup.cfm?setid=13ca3456-e5bf-4bb1-af95-b1378658a358"", ""https://pmc.ncbi.nlm.nih.gov/articles/PMC12370162/""]",pk.yml conversion; original Methods fixed V/F,mixed,原著モデルの再現とfixture派生を分離し、相互適合性を再評価。
efavirenz,half_life,58 h (stored range 52–76 h),FIXTURE_ASSUMPTION,DailyMedは単回52–76 h、反復40–55 hと自己誘導を区別。58 hは単回範囲内の任意値で、平均や中点ではない。,"[""https://dailymed.nlm.nih.gov/dailymed/lookup.cfm?setid=13ca3456-e5bf-4bb1-af95-b1378658a358""]","12.3, Metabolism / Elimination",full_label,58 hの選定理由を明記。CL/Fの反復条件と混ぜた臨床パラメータとしない。
efavirenz,bioavailability,null; spec F1=1,FIXTURE_ASSUMPTION,絶対Fの数値は保存されておらず、確認した資料から補わない。F1=1はCL/F・V/Fを使う尺度上の約束で完全吸収の実測値ではない。,"[""https://dailymed.nlm.nih.gov/dailymed/lookup.cfm?setid=13ca3456-e5bf-4bb1-af95-b1378658a358"", ""https://pmc.ncbi.nlm.nih.gov/articles/PMC12370162/""]",12.3; original Methods oral apparent parameters,mixed,未知のFを維持し、F1を生物学的Fとして出力しない。
erythromycin,clearance,0.53 L/h/kg → 37.1 L/h at 70 kg,VERIFIED_VALUE_ONLY,source_1 Table 2の健常群n=12に総CL0.53±0.13 L/h/kg。125 mg静注、NCAのDose/AUCでsystemic CL。70 kg倍は算術一致。,"[""https://pmc.ncbi.nlm.nih.gov/articles/PMC3581054/""]","Results, Table 2; Methods, Pharmacokinetic analyses",full_paper,健常群をESRD群CL0.35と混同せず、線形70 kg換算を明記。
erythromycin,volume,1.7586452548436462 L/kg → 123.10516783905524 L,DERIVED,37.1×2.3/ln(2)で得る単一V。原著Vssは0.74±0.19 L/kgであり同じ指標ではない。平均CLと平均半減期の積は個人Vの平均でもない。,"[""https://pmc.ncbi.nlm.nih.gov/articles/PMC3581054/""]",Table 2; repository formula,full_paper,Vのfixture派生と実測Vssを別項目に保持。
erythromycin,half_life,2.3 h,VERIFIED_VALUE_ONLY,Table 2健常群の終末半減期2.30±1.03 hに一致。回帰で推定した終末相であり、Vをこれから作った場合の再一致は独立検証ではない。,"[""https://pmc.ncbi.nlm.nih.gov/articles/PMC3581054/""]","Table 2; Methods, Pharmacokinetic analyses",full_paper,独立した半減期検証という記述を避ける。
erythromycin,bioavailability,1.0; IV,FIXTURE_ASSUMPTION,静注のF=1は投与経路によるモデル定義。原著は別途経口250 mgも扱うが、その経口Fをここへ転用しない。,"[""https://pmc.ncbi.nlm.nih.gov/articles/PMC3581054/""]","Methods, Clinical study and Pharmacokinetic analyses",full_paper,route-definedと記録。
ethinylestradiol,clearance,25.7 L/h (CL/F),QUALIFIED,Table IのEE25.7(SD9.1)は一致。ただしdesogestrel配合、EE0.02 mg、第3周期day1のCL/Fで、未投与健常者の単剤単回条件ではない。,"[""https://dailymed.nlm.nih.gov/dailymed/drugInfo.cfm?setid=142c4b90-c9ab-45ce-9172-f1ea7d366686""]","Clinical Pharmacology, Table I, EE day1; preceding study paragraph",full_label,配合成分、性別、周期、0.02 mgの条件をscenarioへ固定。
ethinylestradiol,volume,632.1673264919305 L (V/F),DERIVED,25.7×17.05/ln(2)の計算は一致。17.05 hの出典範囲が裏付かず、原資料にこのV/Fの実測値はない。,"[""https://dailymed.nlm.nih.gov/dailymed/drugInfo.cfm?setid=142c4b90-c9ab-45ce-9172-f1ea7d366686""]",Table I versus pk.yml derived formula,full_label,半減期根拠が解決するまで採用保留。
ethinylestradiol,half_life,"17.05 h, stored 16.5–17.6 h range",CONTRADICTION,source_1 Table IはEE day1 16.5、day21 23.9、day24 18.8/18.9 h。17.6 hも16.5–17.6という範囲も取得本文にはなく、provenanceの範囲帰属は不一致。,"[""https://dailymed.nlm.nih.gov/dailymed/drugInfo.cfm?setid=142c4b90-c9ab-45ce-9172-f1ea7d366686""]","Table I, EE rows",full_label,範囲の原典を特定し、異なる周期の統計を範囲化しない。
ethinylestradiol,bioavailability,0.43 (midpoint of 0.38–0.48),FIXTURE_ASSUMPTION,source_2本文の38–48%は他文献の背景要約で、この配合錠試験の絶対F測定ではない。source_1は溶液等に対する相対F93%/99%で別指標。0.43は範囲中点の仮定。,"[""https://dailymed.nlm.nih.gov/dailymed/drugInfo.cfm?setid=142c4b90-c9ab-45ce-9172-f1ea7d366686"", ""https://pmc.ncbi.nlm.nih.gov/articles/PMC4285808/""]","source_1 Absorption; source_2 Introduction and Discussion references 5,7,15",mixed,絶対/相対Fを区別し、対応する一次の静注比較試験を取得。
felodipine,clearance,90 L/h (1.5 L/min upper bound),QUALIFIED,source_2は原著でなくレビュー。抄録の血液総CL1–1.5 L/min上限×60は一致するが、公式ラベルの若年健常者血漿CLは約0.8 L/min。血液/血漿を区別しない統合は不可。,"[""https://pubmed.ncbi.nlm.nih.gov/3327676/"", ""https://dailymed.nlm.nih.gov/dailymed/drugInfo.cfm?setid=2e4298cf-02e9-49c7-9803-887161e1989a""]",Review Abstract; DailyMed Pharmacokinetics and Metabolism,mixed,一次の同一matrix条件を確認し、血液CLを血漿濃度モデルへ直接転用しない。
felodipine,volume,10 L/kg → 700 L at 70 kg,QUALIFIED,レビュー抄録と公式ラベルは約10 L/kgを支持。ラベルはapparent volumeと記すがVss/Vz/Vcの区別がないため単一Vとの一致は未検証。,"[""https://pubmed.ncbi.nlm.nih.gov/3327676/"", ""https://dailymed.nlm.nih.gov/dailymed/drugInfo.cfm?setid=2e4298cf-02e9-49c7-9803-887161e1989a""]",Review Abstract; DailyMed Pharmacokinetics and Metabolism,mixed,Vの推定定義と濃度matrixを原著で確定。
felodipine,half_life,24.5 h (24–25 midpoint),FIXTURE_ASSUMPTION,source_2レビューは約25 h。24.5 hは複数レビュー要約の中点で平均ではない。公式ラベルは静注三相・IR終末11–16 hを記載し、一律値として扱えない。,"[""https://pubmed.ncbi.nlm.nih.gov/3327676/"", ""https://dailymed.nlm.nih.gov/dailymed/drugInfo.cfm?setid=2e4298cf-02e9-49c7-9803-887161e1989a""]",Review Abstract; DailyMed disposition phases,mixed,製剤・sampling期間・terminal phaseを原著で特定。
felodipine,bioavailability,0.15,QUALIFIED,source_2レビュー抄録は経口5–40 mgで約15%を支持。別の公式ERラベルは約20%。製剤/試験差未解決のため単一の正答としない。,"[""https://pubmed.ncbi.nlm.nih.gov/3327676/"", ""https://dailymed.nlm.nih.gov/dailymed/drugInfo.cfm?setid=2e4298cf-02e9-49c7-9803-887161e1989a""]",Review Abstract; DailyMed Absorption,mixed,F15%の対応試験を特定し100 mgへ外挿しない。
fluconazole,clearance,0.23 mL/min/kg → 0.966 L/h at 70 kg,QUALIFIED,代替公式ラベルの成人body clearance0.23 mL/min/kgを確認。×60/1000×70=0.966。元URLへの帰属は未確認で、成人値の具体的な採血/経路条件はこの要約だけでは限定できない。,"[""https://dailymed.nlm.nih.gov/dailymed/lookup.cfm?setid=4d7cf836-d115-456c-a636-6f05eae043cd""]","Clinical Pharmacology, Pharmacokinetics in Pediatric Patients, adult comparison",full_label,元版回収または代替setidと版を明示して出典差替え。
fluconazole,volume,41.80930228496216 L,DERIVED,0.966×30/ln(2)の算術は一致。ラベルは総体水分量相当と述べ、41.8093 Lという実測値は示していない。,"[""https://dailymed.nlm.nih.gov/dailymed/lookup.cfm?setid=4d7cf836-d115-456c-a636-6f05eae043cd""]",Clinical Pharmacology; pk.yml conversion,full_label,直接測定Vとして表示しない。
fluconazole,half_life,30 h,QUALIFIED,代替ラベルの絶食正常被験者・経口後の約30 h(20–50 h)に一致。IV/POのPKは類似と説明されるが、現静注200 mg/1時間の同一試験値の確認ではない。,"[""https://dailymed.nlm.nih.gov/dailymed/lookup.cfm?setid=4d7cf836-d115-456c-a636-6f05eae043cd""]","Pharmacokinetics and Metabolism, opening paragraphs",full_label,経口由来と範囲を保持し、静注試験原典を補完。
fluconazole,bioavailability,1.0; IV,FIXTURE_ASSUMPTION,静注F=1は経路の定義。代替ラベルの経口F>90%とは別項目であり、IVの1を実測絶対Fとして扱わない。,"[""https://dailymed.nlm.nih.gov/dailymed/lookup.cfm?setid=4d7cf836-d115-456c-a636-6f05eae043cd""]","Pharmacokinetics and Metabolism, opening paragraph",full_label,IV route-definedと明記。
fluvoxamine,clearance,65.56797653945428 L/h (claimed CL/F),DERIVED,25×70×ln(2)/18.5の算術値で直接測定CLではない。V/Fの定義と18.5 hの対象/用量条件が確定していない。,"[""https://dailymed.nlm.nih.gov/dailymed/lookup.cfm?setid=35b377d9-5b7a-4d8e-b6c1-4291d02f5dae""]",12.3 and repository formula,full_label,入力Vの定義と単回半減期を同一試験で確認して再評価。
fluvoxamine,volume,25 L/kg → 1750 L at 70 kg (claimed V/F),QUALIFIED,source_1は平均apparent volume約25 L/kgを記載するがV/Fとは明記しない。apparentという語だけでF除算済みと確定できず、V×F=927.5 Lも未検証。,"[""https://dailymed.nlm.nih.gov/dailymed/lookup.cfm?setid=35b377d9-5b7a-4d8e-b6c1-4291d02f5dae""]",12.3 Distribution,full_label,静注/経口と算出式を一次試験で確認しbasis confirmedを再審査。
fluvoxamine,half_life,18.5 h (9–28 midpoint),FIXTURE_ASSUMPTION,source_1は若年健常者100 mg/day反復で15.6 h、用量/高齢別の別値を示す。18.5 hは広い要約範囲の中点で成人健常者100 mg単回の実測平均ではない。,"[""https://dailymed.nlm.nih.gov/dailymed/lookup.cfm?setid=35b377d9-5b7a-4d8e-b6c1-4291d02f5dae""]",12.3 Elimination and Elderly Subjects,full_label,単回・反復と年齢を分離。9–28 hの各端点の一次出典を特定。
fluvoxamine,bioavailability,0.53; spec F1=1,VERIFIED_VALUE_ONLY,source_1は錠剤の絶対F53%を明記、53/100=0.53。F1=1はapparent parameterizationの約束だが、V/Fの根拠未解決なのでモデル全体のF整合を承認するものではない。,"[""https://dailymed.nlm.nih.gov/dailymed/lookup.cfm?setid=35b377d9-5b7a-4d8e-b6c1-4291d02f5dae""]",12.3 Absorption,full_label,Fの実測値とmodel F1を別の意味として保持。
inulin,clearance,5.61 L/h (93.5 mL/min at 70 kg),QUALIFIED,93.5はResultsにある6点log-trapezoid法のsystemic CLで、×60/1000=5.61。主要tri-exponential推定は96.1 mL/min/70kg。健常男性16名、5 g/1分静注で現100 mgとは異なる。,"[""https://pmc.ncbi.nlm.nih.gov/articles/PMC1873801/""]","Methods, Protocol and Kinetic analysis; Results clearance comparison",full_paper,6点法という推定法を明記し、主解析と混ぜない。
inulin,volume,13 L (claimed study Vss),CONTRADICTION,Abstractの当該研究健常者Vssは11.00(SD1.21) L/70kg。Discussionの13 L/70kgは引用文献[13]に基づく一般論で、これを当該研究Vssとしてcheckedにした帰属は誤り。,"[""https://pmc.ncbi.nlm.nih.gov/articles/PMC1873801/""]",Abstract Results; Table 1 caption; Discussion reference 13 context,full_paper,誤帰属を訂正し、Vssを元解析単位で再審査。今回はcanonical値を自動置換しない。
inulin,half_life,1.6062234130622617 h,DERIVED,ln(2)×13/5.61は算術一致。ただし13 Lの根拠帰属が誤り。原著は3指数モデルで、これは単一コンパートメントの人工的な半減期。,"[""https://pmc.ncbi.nlm.nih.gov/articles/PMC1873801/""]",Abstract; Discussion; repository formula,full_paper,clinical terminal half-lifeから除外しfixture由来と表示。
inulin,bioavailability,1.0; IV,FIXTURE_ASSUMPTION,IVなのでF=1はモデル上の定義。原著の尿回収率98%と絶対バイオアベイラビリティは別指標。,"[""https://pmc.ncbi.nlm.nih.gov/articles/PMC1873801/""]","Methods, Protocol",full_paper,IV route-definedとして保存。
itraconazole,clearance,16.68 L/h systemic,VERIFIED_VALUE_ONLY,source_1は静注後の平均総血漿CL278 mL/min。278×60/1000=16.68は正しい。用量依存の飽和代謝が記載され普遍CLではない。,"[""https://dailymed.nlm.nih.gov/dailymed/drugInfo.cfm?setid=b1274d78-1096-4ae3-8299-a2e94eaa0ea5""]","Clinical Pharmacology, General Pharmacokinetic Characteristics",full_label,単回・用量条件を保持し、高用量/反復へ固定CLを外挿しない。
itraconazole,volume,700 L from >700 L,FIXTURE_ASSUMPTION,source_1の記述はapparent volume>700 L。700ちょうどは測定値でなく下限境界を採用したfixtureで、不等号を失う変換。Vss/Vz/Vcの定義も示されない。,"[""https://dailymed.nlm.nih.gov/dailymed/drugInfo.cfm?setid=b1274d78-1096-4ae3-8299-a2e94eaa0ea5""]","Clinical Pharmacology, Distribution",full_label,censored valueと採用仮定を保持しnot_applicableの制約表示を見直す。
itraconazole,half_life,22 h from single-dose 16–28 h,FIXTURE_ASSUMPTION,単回16–28 hと反復34–42 hはラベル一致。22 hは単回範囲中点で実測平均ではなく、CL/Vからは約29.09 h。,"[""https://dailymed.nlm.nih.gov/dailymed/drugInfo.cfm?setid=b1274d78-1096-4ae3-8299-a2e94eaa0ea5""]",General Pharmacokinetic Characteristics,full_label,単回範囲と中点仮定を保存し、臨床終末半減期の適合を主張しない。
itraconazole,bioavailability,0.55,QUALIFIED,カプセルの観測絶対F約55%を確認。食後最大、胃酸低下で吸収減少、同用量の液剤とは曝露が異なる。具体的な55%測定試験の食条件は本文だけでは確定しない。,"[""https://dailymed.nlm.nih.gov/dailymed/drugInfo.cfm?setid=b1274d78-1096-4ae3-8299-a2e94eaa0ea5""]","Clinical Pharmacology, Absorption",full_label,カプセル条件を維持し、55%=特定の食後試験値という断定は原著で確認。
mefenamic_acid,clearance,21.13 L/h (oral CL/F),CONTRADICTION,source_1 Table 1は21.23 L/hで現exact_quoteの21.13と不一致。source_2 FDA2024 Table 1は21.13を支持するため、21.13自体を誤値とは断定しない。腎CLでなくoral clearance。,"[""https://dailymed.nlm.nih.gov/dailymed/fda/fdaDrugXsl.cfm?setid=d0291319-ab3e-20c8-e053-2a95a90afabb"", ""https://www.accessdata.fda.gov/drugsatfda_docs/label/2024/015034s046lbl.pdf""]","Both labels Table 1, healthy adults18–45; FDA PDF p.3",full_label,source_id/版/引用を対応させ、資料間差を残す。
mefenamic_acid,volume,1.06 L/kg → 74.2 L at 70 kg,QUALIFIED,両資料Table 1はVz/F1.06 L/kg、70 kg換算は一致。Distribution本文は500 mg経口後、現scenario100 mg。Vz/FはVssと同じではない。,"[""https://dailymed.nlm.nih.gov/dailymed/fda/fdaDrugXsl.cfm?setid=d0291319-ab3e-20c8-e053-2a95a90afabb"", ""https://www.accessdata.fda.gov/drugsatfda_docs/label/2024/015034s046lbl.pdf""]",Distribution and Table 1,full_label,500 mg条件とVz/Fを保持し100 mgの独立検証とはしない。
mefenamic_acid,half_life,3 h from 2–4 h,FIXTURE_ASSUMPTION,両資料に2–4 hの範囲があり、3 hはその中点。個人の分布/平均/SDではない。,"[""https://dailymed.nlm.nih.gov/dailymed/fda/fdaDrugXsl.cfm?setid=d0291319-ab3e-20c8-e053-2a95a90afabb"", ""https://www.accessdata.fda.gov/drugsatfda_docs/label/2024/015034s046lbl.pdf""]",Table 1 and Excretion,full_label,中点仮定をarithmetic_meanから区別。
mefenamic_acid,bioavailability,null; spec F1=1,QUALIFIED,FDA資料はカプセルのIV/経口液剤に対するbioavailability未研究と明記。null保持は適切。F1=1はCL/F・Vz/Fのモデル尺度で100%の証拠ではない。,"[""https://www.accessdata.fda.gov/drugsatfda_docs/label/2024/015034s046lbl.pdf""]","Clinical Pharmacology, Absorption, PDF p.2",full_label,未知Fを推測しない。
metoprolol,clearance,48 L/h systemic,VERIFIED_VALUE_ONLY,source_2と同じ原著の出版社Summaryで健常者CL0.8±0.1 L/minを確認。20 mg tartrate静注、0.8×60=48。腎障害群の1.0 L/minとは別。,"[""https://link.springer.com/article/10.2165/00003088-198005020-00004""]","Original article Summary, 1980; abstract-only",abstract,本文未確認の範囲を残し、20 mg静注由来と明示。
metoprolol,volume,346.2468098133512 L,DERIVED,48×5/ln(2)の算術は一致。source_1の取得した現行ERラベルにVd3.2–5.6 L/kgは見当たらず、checkedの範囲帰属は未確認。,"[""https://dailymed.nlm.nih.gov/dailymed/lookup.cfm?setid=cbc32a80-717b-4cf2-b76a-6d03a3720419"", ""https://link.springer.com/article/10.2165/00003088-198005020-00004""]",DailyMed12.3 Distribution; repository formula,mixed,Vd範囲の別一次出典を特定し、derived値の根拠を分離。
metoprolol,half_life,5 h from 3–7 h,FIXTURE_ASSUMPTION,source_1現行ERラベルは3–7 hを記載。5 hは中点。既存reviewer_noteの通常3–4/PM7–9 hは当該取得ラベルに対応せず、CL原著の健常群は4.1±1.0 h。,"[""https://dailymed.nlm.nih.gov/dailymed/lookup.cfm?setid=cbc32a80-717b-4cf2-b76a-6d03a3720419"", ""https://link.springer.com/article/10.2165/00003088-198005020-00004""]",DailyMed12.3 Elimination; original Summary,mixed,中点と実測平均を区別し、別版記載を混在させない。
metoprolol,bioavailability,0.5; spec F1=0.5,UNVERIFIED,source_1引用は通常錠経口/静注のpeak濃度約50%で、用量補正AUC比の絶対Fではない。ERの相対F77%とも別。原著は健常対照の定常状態F55±7%で、現単回F0.5を直接確定しない。,"[""https://dailymed.nlm.nih.gov/dailymed/lookup.cfm?setid=cbc32a80-717b-4cf2-b76a-6d03a3720419"", ""https://link.springer.com/article/10.2165/00003088-198005020-00004""]",DailyMed12.3 Absorption; original Summary,mixed,通常錠の絶対Fが明示された一次試験/公式資料を別途採用し、Cmax比のF換算を廃止。
mexiletine,clearance,30.87655622494302 L/h (claimed CL/F),DERIVED,(7×70)×ln(2)/11の計算は一致。ただし元VはV/Fと明記されていないためCL/Fというbasisは未確定、直接測定CLではない。,"[""https://dailymed.nlm.nih.gov/dailymed/drugInfo.cfm?setid=ab73778b-6794-441c-b127-610a6d0733ea""]","Clinical Pharmacology, Pharmacokinetics; repository formula",full_label,Vの定義と同一試験のterminal half-lifeを原著で確認。
mexiletine,volume,"7 L/kg → 490 L, claimed V/F",CONTRADICTION,source_1ラベルはVd5–7 L/kg。現exact_quoteの5–9 L/kgはsource_2レビュー抄録の文章でsource_id/locatorが誤り。どちらもV/Fとは明記せず、7は上端/中点選択という仮定。,"[""https://dailymed.nlm.nih.gov/dailymed/drugInfo.cfm?setid=ab73778b-6794-441c-b127-610a6d0733ea"", ""https://pubmed.ncbi.nlm.nih.gov/10589372/""]",DailyMed Pharmacokinetics; PubMed review Abstract,mixed,source_idを正し、systemic/V/Fの推定定義を未確定へ戻して再審査。
mexiletine,half_life,11 h from 10–12 h,FIXTURE_ASSUMPTION,source_1正常被験者の約10–12 hに対応する中点で、実測平均11 hではない。CLをこの値から逆算したため一致は循環的。,"[""https://dailymed.nlm.nih.gov/dailymed/drugInfo.cfm?setid=ab73778b-6794-441c-b127-610a6d0733ea""]","Clinical Pharmacology, Pharmacokinetics",full_label,中点仮定として保存。
mexiletine,bioavailability,0.9; spec F1=1,QUALIFIED,source_1の吸収約90%だけでは絶対Fと断定しない。補助公式SmPC5.2はsystemic bioavailability約90%と明示し数値を支持するが別製品。F1=1はapparent尺度としてのみ説明可能。,"[""https://dailymed.nlm.nih.gov/dailymed/drugInfo.cfm?setid=ab73778b-6794-441c-b127-610a6d0733ea"", ""https://www.medicines.org.uk/emc/product/13305/smpc""]",DailyMed Pharmacokinetics; Clinigen SmPC5.2,full_label,Fの根拠をsystemic availability記載に結び、V/Fの未確認とは切り離す。
moclobemide,clearance,"{""parsed"": {""value"": 39.4, ""unit"": ""L/h""}, ""absolute_L_per_h"": 39.4, ""basis"": ""systemic""}",QUALIFIED,source_5の12名の正常男性、初回IV CL=39.4 L/hを直接保存。反復経口投与後のIV CL=29.1 L/hとは別条件。,"[""https://pubmed.ncbi.nlm.nih.gov/3665338/""]",PMID 3665338 Abstract; first intravenous infusion,abstract,初回IV由来を保持し、反復・疾患群へ外挿しない。原著全文で投与条件・採血・推定法を確認する。
moclobemide,volume,"{""parsed"": {""value"": 84.3, ""unit"": ""L""}, ""absolute_L"": 84.3, ""basis"": ""systemic""}",QUALIFIED,source_5の初回IV Vss=84.3 Lを確認。70 kg換算値ではなく研究集団の絶対値。Vssを1区画Vに採用することは追加仮定。,"[""https://pubmed.ncbi.nlm.nih.gov/3665338/""]",PMID 3665338 Abstract; steady-state volume,abstract,Vssの定義を明記し、Vz/Vcとの互換性を主張しない。
moclobemide,half_life,"{""value"": 1.6, ""unit"": ""h""}",VERIFIED_VALUE_ONLY,初回IV elimination half-life 1.60 hを確認。抄録の15%はCVでありSDではない。targetsのSD=1 hは原著由来ではない。,"[""https://pubmed.ncbi.nlm.nih.gov/3665338/""]",PMID 3665338 Abstract; first IV infusion,abstract,CVとfixture SDを分離し、初回IV半減期の経口転用を明示する。
moclobemide,bioavailability,"{""value"": 0.56, ""unit"": ""fraction""}",QUALIFIED,初回経口F=0.56を確認。同研究の1週/2週では0.86/0.90であり恒常値ではない。100 mg t.i.d.反復期間と初回単回を区別する。,"[""https://pubmed.ncbi.nlm.nih.gov/3665338/""]",PMID 3665338 Abstract; absolute oral bioavailability,abstract,初回経口条件を明記する。定常状態モデルには独立再評価が必要。
montelukast,clearance,"{""parsed"": {""value"": 1.8479999999999999, ""unit"": ""L/h""}, ""absolute_L_per_h"": 1.8479999999999999, ""basis"": ""systemic""}",QUALIFIED,30.8 mL/min×60/1000=1.848 L/hは正しい。source_1の高齢健常者N=12、7 mg/5分IVのsystemic CL。,"[""https://pubmed.ncbi.nlm.nih.gov/9429741/""]",PMID 9429741 Abstract; elderly IV paragraph,abstract,高齢者/IV/7 mgを記録しadult_healthy 100 mg経口と同条件扱いしない。
montelukast,volume,"{""parsed"": {""value"": 9.7, ""unit"": ""L""}, ""absolute_L"": 9.7, ""basis"": ""systemic""}",QUALIFIED,9.7 Lはsource_1の高齢者IV Vss。CLと同条件の値だが1区画Vではない。,"[""https://pubmed.ncbi.nlm.nih.gov/9429741/""]",PMID 9429741 Abstract; elderly IV paragraph,abstract,Vss型を明記し終末相半減期との単純対応を採用根拠にしない。
montelukast,half_life,"{""value"": 6.7, ""unit"": ""h""}",VERIFIED_VALUE_ONLY,高齢健常者IVの平均終末半減期6.7 hは一致。保存CL/Vssの1区画半減期は約3.64 hであり、数値の誤記ではなく区画構造の不一致。,"[""https://pubmed.ncbi.nlm.nih.gov/9429741/""]",PMID 9429741 Abstract; plasma terminal half-life,abstract,終末相を再現するなら原著の多区画性を評価する。
montelukast,bioavailability,"{""value"": 0.615, ""unit"": ""fraction""}",FIXTURE_ASSUMPTION,10 mg経口で高齢者平均61%、既報若年者62%。.615は別群平均の中点で、統合推定値でも同一個体のFでもない。抄録は高齢者Fを7日反復後とは明示しない。,"[""https://pubmed.ncbi.nlm.nih.gov/9429741/""]",PMID 9429741 Abstract; oral bioavailability paragraph,abstract,.615を実測値と扱わず、対象群に対応するFと時点を全文で確定する。
motavizumab_medi_524,clearance,"{""parsed"": {""value"": 0.010229166666666666, ""unit"": ""L/h""}, ""absolute_L_per_h"": 0.010229166666666666, ""basis"": ""systemic""}",FIXTURE_ASSUMPTION,本文165–326 mL/dayの中点245.5÷1000÷24=.0102291667 L/hは算術一致。0.3/3/15/30 mg/kgの各用量群を横断する中点で単一研究推定平均ではない。,"[""https://pmc.ncbi.nlm.nih.gov/articles/PMC3837853/""]","Results Pharmacokinetics; Table 2, motavizumab rows",full_paper,用量群別の値を保持し、範囲中点を実測・PopPK代表値としない。
motavizumab_medi_524,volume,"{""parsed"": {""value"": 7.35, ""unit"": ""L""}, ""absolute_L"": 7.35, ""basis"": ""systemic""}",FIXTURE_ASSUMPTION,本文の親抗体Vss 5.2–9.5 Lの中点7.35 Lは一致。原著のVssであり分布容積の型を曖昧にしない。,"[""https://pmc.ncbi.nlm.nih.gov/articles/PMC3837853/""]",Results Pharmacokinetics; Table 2,full_paper,Vssと一室Vの相違および群横断中点を明示。
motavizumab_medi_524,half_life,"{""value"": 636.0, ""unit"": ""h""}",FIXTURE_ASSUMPTION,本文の19–34日を中点26.5日×24=636 hに変換。Table 2には各群18.9/22.3/20.4/34.4日があり、中点は観測平均ではない。,"[""https://pmc.ncbi.nlm.nih.gov/articles/PMC3837853/""]",Results Pharmacokinetics; Table 2,full_paper,rounded range由来のfixtureであることを保持し平均/SDとして再解釈しない。
motavizumab_medi_524,bioavailability,"{""value"": 1.0, ""unit"": ""fraction""}",FIXTURE_ASSUMPTION,F=1は静脈投与経路のモデル定義。原著は成人単回IVであり、吸収率を測ったF=100%の結果ではない。,"[""https://pmc.ncbi.nlm.nih.gov/articles/PMC3837853/""]","Materials and Methods, Study design",full_paper,bioavailability measuredではなくIV route definitionとして扱う。
motavizumab_yte,clearance,"{""parsed"": {""value"": 0.0022916666666666667, ""unit"": ""L/h""}, ""absolute_L_per_h"": 0.0022916666666666667, ""basis"": ""systemic""}",CONTRADICTION,本文の43–68 mL/dayを確認。保存.0022916667 L/hは55 mL/dayだが、記載された中点式なら55.5 mL/day=.0023125 L/h。丸めまたは値選択の根拠がない。,"[""https://pmc.ncbi.nlm.nih.gov/articles/PMC3837853/""]","Results Pharmacokinetics; Table 2, mota-YTE rows; local value_provenance conversion",full_paper,55を選んだfixture方針か厳密中点かを決め、raw/式/normalizedを一致させる。監査では値を変更しない。
motavizumab_yte,volume,"{""parsed"": {""value"": 6.744599316155904, ""unit"": ""L""}, ""absolute_L"": 6.744599316155904, ""basis"": ""systemic""}",DERIVED,保存6.744599 Lは選択CL55 mL/day×85日/ln2。原著Vss 4.6–8.3 Lの報告値ではなく、終末半減期とCLから作った一室V。,"[""https://pmc.ncbi.nlm.nih.gov/articles/PMC3837853/""]",Table 2; local fixture formula,full_paper,CL選択矛盾を解決後、derived VをVssと混同しない。
motavizumab_yte,half_life,"{""value"": 2040, ""unit"": ""h""}",FIXTURE_ASSUMPTION,本文70–100日の中点85日×24=2040 hは一致。Table 2の群別69.5/100.4/84.3/73.2日を要約したfixture。,"[""https://pmc.ncbi.nlm.nih.gov/articles/PMC3837853/""]",Results Pharmacokinetics; Table 2,full_paper,85日を実測平均とせず、Vの導出入力に使用した事実を記録する。
motavizumab_yte,bioavailability,"{""value"": 1.0, ""unit"": ""fraction""}",FIXTURE_ASSUMPTION,F=1は成人静脈投与のモデル定義。YTE変異体の成人IVデータを親抗体、他YTE抗体、小児へ転用しない。,"[""https://pmc.ncbi.nlm.nih.gov/articles/PMC3837853/""]",Materials and Methods; Study design,full_paper,製品同一性をM252Y/S254T/T256E変異体まで識別する。
omeprazole,clearance,"{""parsed"": {""value"": 43.56, ""unit"": ""L/h""}, ""absolute_L_per_h"": 43.56, ""basis"": ""systemic""}",CONTRADICTION,source_4抄録は8名の若年健常者、10 mg IV/20 mg緩衝経口液、systemic CL中央値624 mL/min。式624×60/1000=37.44 L/hであり保存43.56 L/hとは一致しない。,"[""https://pubmed.ncbi.nlm.nih.gov/2315973/""]","PMID 2315973 Abstract, median systemic plasma clearance",abstract,監査差分として37.44との算術不一致を修正候補化し、関連derived/theta/AUCを再計算・検証する。
omeprazole,volume,"{""parsed"": {""value"": 0.23, ""unit"": ""L/kg""}, ""absolute_L"": 16.1, ""basis"": ""systemic""}",QUALIFIED,source_4の平均IV Vss 0.23±0.04 L/kg、70 kg仮定で16.1 Lは一致。pk_rawは0.4 L/kg、basis_noteはunresolvedのままで保存値と説明が不一致。,"[""https://pubmed.ncbi.nlm.nih.gov/2315973/""]","PMID 2315973 Abstract, Mean Vss",abstract,rawの旧値と新採用値の系譜を明確にする。70 kgは標準化仮定で原集団平均体重とはしない。
omeprazole,half_life,"{""value"": 0.75, ""unit"": ""h""}",FIXTURE_ASSUMPTION,source_2の健常者ラベル0.5–1 hに.75 hは含まれるが中点は観測平均ではない。source_4のIV中央値35分/経口39分とは別の要約。,"[""https://dailymed.nlm.nih.gov/dailymed/drugInfo.cfm?setid=d8b466e0-a35e-4fba-9d43-4e6c0122e7ad"", ""https://pubmed.ncbi.nlm.nih.gov/2315973/""]",DailyMed 12.3; PMID 2315973 Abstract,mixed,ラベル範囲と原著中央値を別扱いにし、.75 hをarithmetic_mean実測値としない。
omeprazole,bioavailability,"{""value"": 0.35, ""unit"": ""fraction""}",FIXTURE_ASSUMPTION,ラベル遅延放出20–40 mgのF約30–40%から.35を作ったfixture。40 mgを超えると初回通過飽和によりAUCが非線形で、100 mgへ一定Fとしての外挿は非検証。,"[""https://dailymed.nlm.nih.gov/dailymed/drugInfo.cfm?setid=d8b466e0-a35e-4fba-9d43-4e6c0122e7ad""]",DailyMed 12.3 Absorption,full_label,100 mgシナリオを採用条件から外すか用量/製剤に合った独立一次データを取得する。
raltegravir,clearance,"{""parsed"": {""value"": 60.2, ""unit"": ""L/h""}, ""absolute_L_per_h"": 60.2, ""basis"": ""apparent""}",QUALIFIED,source_1 Table 2のCL/F=60.2 L/h（SE44.3%）を確認。HIV陽性/健常混合二室モデル。provenanceのexact_quoteは半減期の文章でCLを裏付けない。,"[""https://pmc.ncbi.nlm.nih.gov/articles/PMC3370715/""]","PMC3370715 Table 2, CL/F row and footnotes",full_paper,CL引用・locatorをTable 2へ対応させる。CL/Fとsystemic CLを分離。
raltegravir,volume,"{""parsed"": {""value"": 677.4318833998217, ""unit"": ""L""}, ""absolute_L"": 677.4318833998217, ""basis"": ""apparent""}",DERIVED,677.431883 L=60.2×7.8/ln2は算術一致だが二室原著V1/F223 L、V2/F113 Lとは異なる合成V/F。7.8 hは別の健常者試験由来。,"[""https://pmc.ncbi.nlm.nih.gov/articles/PMC3370715/"", ""https://pmc.ncbi.nlm.nih.gov/articles/PMC3165315/""]",PMC3370715 Table 2; PMC3165315 Abstract/Methods,full_paper,derived one-compartment V/Fとして隔離し、観測Vss/Vz/Vcとはしない。
raltegravir,half_life,"{""value"": 7.8, ""unit"": ""h""}",QUALIFIED,source_2同一論文PMC3165315は男性健常者6名、400 mg単回経口、血漿GM半減期7.8 h、95%CI5.5–11.3を確認。保存targetsのarithmetic_meanとは統計量が違う。,"[""https://pmc.ncbi.nlm.nih.gov/articles/PMC3165315/""]",PMC3165315 Abstract; Pharmacokinetics methods,full_paper,GM/95%CIを保持し、CIを患者範囲やSDに変換しない。
raltegravir,bioavailability,"{""value"": 1.0, ""unit"": ""fraction""}",CONTRADICTION,source_1 Table 2の健常群F=1は固定した相対Fスケール。実測absolute F=1ではない。保存bioavailability_frac=1からsystemic CL/Vへ変換する根拠はない。,"[""https://pmc.ncbi.nlm.nih.gov/articles/PMC3370715/""]","PMC3370715 Table 2, F rows and final model",full_paper,absolute Fは未確定として分離し、apparent用F1=1のみをモデル規約として保持する。
sildenafil,clearance,"{""parsed"": {""value"": 18.195113489698564, ""unit"": ""L/h"", ""derived_from"": ""volume and half_life_h assuming ke=ln(2)/t1/2""}, ""absolute_L_per_h"": 18.195113489698564, ""basis"": ""apparent""}",CONTRADICTION,18.1951 L/hは105×ln2/4の一室導出。105 LをV/Fとする前提が誤りで、追加一次論文Table1のIV CLは40.8 L/h。前者を観測CL/Fまたはsystemic CLとして採用できない。,"[""https://pmc.ncbi.nlm.nih.gov/articles/PMC1874258/"", ""https://pmc.ncbi.nlm.nih.gov/articles/PMC1874251/""]",PMC1874258 Methods Pharmacokinetic assessments and Table 1; source_2 identity,full_paper,systemic CL/Vssと終末半減期の関係を再設計し、原著の観測CL/Fと混同しない。
sildenafil,volume,"{""parsed"": {""value"": 105.0, ""unit"": ""L""}, ""absolute_L"": 105.0, ""basis"": ""apparent""}",CONTRADICTION,FDA source_3はVss105 Lと記載しV/Fとは書かない。追加一次PMC1874258 Methods/Table1はIV後算出と明示。本文のapparentという語だけからV/Fへ読み替えた現在basisは誤り。,"[""https://www.accessdata.fda.gov/drugsatfda_docs/label/2007/020895s027lbl.pdf"", ""https://pmc.ncbi.nlm.nih.gov/articles/PMC1874258/""]",FDA label p3 Absorption and Distribution; PMC1874258 Table1 IV column,mixed,105 Lをsystemic IV Vssとして再分類し、F補正・theta・派生値を影響評価する。
sildenafil,half_life,"{""value"": 4.0, ""unit"": ""h""}",QUALIFIED,4 h自体はDailyMed source_1の終末半減期約4 hに一致。source_2は効力持続の論文で、そこでの既報PK要約を新たなPK推定値とは扱わない。,"[""https://dailymed.nlm.nih.gov/dailymed/lookup.cfm?setid=7086e222-0f2b-4c02-84c0-4f8635c90993"", ""https://pmc.ncbi.nlm.nih.gov/articles/PMC1874251/""]",DailyMed 12.3; PMC1874251 Introduction,mixed,ラベル由来約4 hと原著の調和平均等を区別し、VssからCLを算出する独立根拠にしない。
sildenafil,bioavailability,"{""value"": 0.44, ""unit"": ""fraction""}",CONTRADICTION,source_1ラベルは平均absolute F41%（範囲25–63%）。保存.44は範囲の中点に相当するが、rawの41%にも原著Table1の41%にも一致せず導出説明もない。,"[""https://dailymed.nlm.nih.gov/dailymed/lookup.cfm?setid=7086e222-0f2b-4c02-84c0-4f8635c90993"", ""https://pmc.ncbi.nlm.nih.gov/articles/PMC1874258/""]","DailyMed 12.3; PMC1874258 Table 1, F row",mixed,平均41%と範囲を保持し、44%を実測平均とする記録を是正する。
sufentanil,clearance,"{""parsed"": {""value"": 108.0, ""unit"": ""L/h""}, ""absolute_L_per_h"": 108.0, ""basis"": ""apparent""}",VERIFIED_VALUE_ONLY,DSUVIA単回舌下投与後の平均apparent plasma CL108 L/hを確認。F1=1によるCL/Fモデル規約は整合。経口嚥下CLとして転用できない。,"[""https://dailymed.nlm.nih.gov/dailymed/drugInfo.cfm?setid=8b580f3d-e3b5-4086-b093-87a980631147""]",DailyMed DSUVIA 12.3 Elimination,full_label,source populationの詳細は原PK試験へ遡る。ラベル平均から個体分布を作らない。
sufentanil,volume,"{""parsed"": {""value"": 2087.868263174508, ""unit"": ""L""}, ""absolute_L"": 2087.868263174508, ""basis"": ""apparent""}",DERIVED,2087.868 L=108×13.4/ln2は算術一致。ラベルにこの観測Vdはなく、一室終末相を合わせる見かけVのfixture。,"[""https://dailymed.nlm.nih.gov/dailymed/drugInfo.cfm?setid=8b580f3d-e3b5-4086-b093-87a980631147""]",DailyMed 12.3; local value_provenance formula,full_label,導出Vとして扱い、半減期一致を独立モデル検証と数えない。
sufentanil,half_life,"{""value"": 13.4, ""unit"": ""h""}",VERIFIED_VALUE_ONLY,ラベル単回平均terminal half-life13.4 hは一致。反復投与、IV半減期や作用時間とは区別する。,"[""https://dailymed.nlm.nih.gov/dailymed/drugInfo.cfm?setid=8b580f3d-e3b5-4086-b093-87a980631147""]",DailyMed DSUVIA 12.3 Elimination,full_label,targets.used_to_calibrate_cl_v=falseの説明を、V導出に使った事実と整合させる。
sufentanil,bioavailability,"{""value"": 0.53, ""unit"": ""fraction""}",QUALIFIED,30 mcg舌下のabsolute F約53%、比較基準は30 mcg/1分IV。嚥下した経口製剤の9%とは明確に異なる。,"[""https://dailymed.nlm.nih.gov/dailymed/drugInfo.cfm?setid=8b580f3d-e3b5-4086-b093-87a980631147""]",DailyMed DSUVIA 12.3 Absorption,full_label,SLとGI oralを明示し続ける。F1=1は絶対F100%の意味ではない。
tefibazumab,clearance,"{""parsed"": {""value"": 0.012, ""unit"": ""L/h""}, ""absolute_L_per_h"": 0.012, ""basis"": ""systemic""}",QUALIFIED,source_1 Abstractの平均12 mL/h→.012 L/hは一致。実際はESRD透析2群各4名で、Table1の群別12.65/11.80 mL/hの概数要約。健常者値ではない。,"[""https://pmc.ncbi.nlm.nih.gov/articles/PMC1610062/""]",Abstract; Methods; Table 1 CL row,full_paper,ESRD/hemodialysis/10–20 mg/kg/30分IV条件を保持する。
tefibazumab,volume,"{""parsed"": {""value"": 7.3, ""unit"": ""L""}, ""absolute_L"": 7.3, ""basis"": ""systemic""}",QUALIFIED,Abstractの平均7.3 Lは一致。Table1の7.43/7.11 Lを概括した数値。本文はNCAでVと表記し、Vssと断定する記載は確認できない。,"[""https://pmc.ncbi.nlm.nih.gov/articles/PMC1610062/""]",Table 1 V row; PK analysis methods,full_paper,容積種別の定義を原解析手順で確認する。Vss/Vcとは記載しない。
tefibazumab,half_life,"{""value"": 420.0, ""unit"": ""h""}",FIXTURE_ASSUMPTION,Abstract17–18日の中点17.5×24=420 h。Table1は439.35 h/416.69 hであり420 h自体は研究の観測群平均ではない。,"[""https://pmc.ncbi.nlm.nih.gov/articles/PMC1610062/""]",Abstract; Table 1 t1/2 row,full_paper,range midpointを平均値やSD付き実測targetにしない。
tefibazumab,bioavailability,"{""value"": 1.0, ""unit"": ""fraction""}",FIXTURE_ASSUMPTION,F=1はIV経路定義。非IVバイオアベイラビリティを測定した結果ではない。,"[""https://pmc.ncbi.nlm.nih.gov/articles/PMC1610062/""]","Methods, single IV infusion",full_paper,IV route definitionとして記録。
tizanidine,clearance,"{""parsed"": {""value"": 46.579490533628324, ""unit"": ""L/h"", ""derived_from"": ""IV steady-state volume and oral half-life assuming ke=ln(2)/t1/2""}, ""absolute_L_per_h"": 46.579490533628324, ""basis"": ""systemic""}",DERIVED,2.4 L/kg×70 kg×ln2/2.5 h=46.57949 L/hは算術一致。IV Vssと経口終末半減期からsystemic CLを特定する科学的根拠はなく、ラベルの直接報告値ではない。,"[""https://dailymed.nlm.nih.gov/dailymed/drugInfo.cfm?setid=043d9e51-bfa2-4add-9058-5ece332f7e99""]",DailyMed 12.3 Absorption and Distribution / Metabolism and Excretion; local formula,full_label,臨床CLに採用せず、同一条件の原著CLを取得する。
tizanidine,volume,"{""parsed"": {""value"": 2.4, ""unit"": ""L/kg""}, ""absolute_L"": 168.0, ""basis"": ""systemic""}",QUALIFIED,健常成人IV Vss平均2.4 L/kg（CV21%）を確認。70 kg基準168 Lは計算一致、V/Fではない。,"[""https://dailymed.nlm.nih.gov/dailymed/drugInfo.cfm?setid=043d9e51-bfa2-4add-9058-5ece332f7e99""]",DailyMed 12.3 Absorption and Distribution,full_label,Vssとterminal volumeの相違を維持する。
tizanidine,half_life,"{""value"": 2.5, ""unit"": ""h""}",VERIFIED_VALUE_ONLY,Metabolism and Excretionの約2.5 h（CV33%）に一致。別の空腹時8 mg製剤比較では約2 hも記載され、製剤/食事条件を固定する必要。,"[""https://dailymed.nlm.nih.gov/dailymed/drugInfo.cfm?setid=043d9e51-bfa2-4add-9058-5ece332f7e99""]","DailyMed 12.3, formulation comparison and Metabolism and Excretion",full_label,targets SD1 hは原著推定としない。半減期をCL導出に使った事実を表示する。
tizanidine,bioavailability,"{""value"": 0.4, ""unit"": ""fraction""}",QUALIFIED,absolute oral F約40%（CV24%）は一致。ただし錠剤/カプセルは空腹時のみ生物学的同等、食事や内容物散布で吸収が異なる。,"[""https://dailymed.nlm.nih.gov/dailymed/drugInfo.cfm?setid=043d9e51-bfa2-4add-9058-5ece332f7e99""]",DailyMed 12.3 Absorption and Distribution,full_label,製剤/食事状態を必須にする。100 mgは記載された線形性検証1–20 mgの外である。
triazolam,clearance,"{""parsed"": {""value"": 31.560000000000002, ""unit"": ""L/h""}, ""absolute_L_per_h"": 31.560000000000002, ""basis"": ""apparent""}",QUALIFIED,source_3同一論文PMID3567010は54名の健常若年男性、0.5 mg経口、oral CL526±38 mL/min（平均±SEM）。×60/1000=31.56 L/hは正しいCL/F。,"[""https://pubmed.ncbi.nlm.nih.gov/3567010/""]",PMID 3567010 Abstract,abstract,SEMとSDを区別する。70 kg補正ではなく平均体重77 kgの研究の絶対CL/F値。
triazolam,volume,"{""parsed"": {""value"": 159.36009421659492, ""unit"": ""L"", ""derived_from"": ""clearance and half_life_h assuming ke=ln(2)/t1/2""}, ""absolute_L"": 159.36009421659492, ""basis"": ""apparent""}",DERIVED,159.3601 L=31.56×3.5/ln2。ラベル半減期中点と別研究CL/Fを合わせた一室V/Fで、原著の観測容積ではない。,"[""https://pubmed.ncbi.nlm.nih.gov/3567010/"", ""https://dailymed.nlm.nih.gov/dailymed/drugInfo.cfm?setid=ce6ddb53-89ca-4edf-a519-553d34ce7938""]",PMID 3567010 Abstract; DailyMed Clinical Pharmacology; local formula,mixed,異なる研究の導出値と明示し、t_halfの独立検証性を主張しない。
triazolam,half_life,"{""value"": 3.5, ""unit"": ""h""}",FIXTURE_ASSUMPTION,ラベル1.5–5.5 h中点3.5 hは算術一致。CLの原著は平均2.6 hであり、3.5 hは同一集団の観測平均ではない。,"[""https://dailymed.nlm.nih.gov/dailymed/drugInfo.cfm?setid=ce6ddb53-89ca-4edf-a519-553d34ce7938"", ""https://pubmed.ncbi.nlm.nih.gov/3567010/""]",DailyMed Clinical Pharmacology; PMID3567010 Abstract,mixed,中点のsummaryをarithmetic_mean実測値としない。
triazolam,bioavailability,"{""value"": 0.44, ""unit"": ""fraction""}",QUALIFIED,保存.44は既存value_provenanceに項目欠落。追加一次PMID7593708抄録で12男性、0.25 mg市販経口錠/IV比較の実測平均F44%を確認。CL研究0.5 mgとは別の研究。,"[""https://pubmed.ncbi.nlm.nih.gov/7593708/""]","PMID7593708 Abstract, observed absolute availability",abstract,source_id/条件を追加して根拠を明示。F1=1のCL/Fモデル規約と区別する。
verapamil,clearance,"{""parsed"": {""value"": 30.0384, ""unit"": ""L/h""}, ""absolute_L_per_h"": 30.0384, ""basis"": ""systemic""}",QUALIFIED,source_3の10 mg IV、6健常者平均body CL500.64 mL/min×60/1000=30.0384 L/hは一致。二室モデルのsystemic CL。,"[""https://pubmed.ncbi.nlm.nih.gov/432439/""]",PMID432439 Abstract,abstract,非対称体別反復投与CLと混合しない。
verapamil,volume,"{""parsed"": {""value"": 175.7, ""unit"": ""L""}, ""absolute_L"": 175.7, ""basis"": ""systemic""}",QUALIFIED,IV Vd(area)2.51 L/kg×70 kg=175.7 Lは一致。原著のapparent volumeはarea法の容積でありoral V/Fの意味ではない。,"[""https://pubmed.ncbi.nlm.nih.gov/432439/""]","PMID432439 Abstract, IV two-compartment parameters",abstract,Vd(area)/Vzとして型を保持し、Vss/Vcと混同しない。
verapamil,half_life,"{""value"": 5.1, ""unit"": ""h""}",FIXTURE_ASSUMPTION,ラベルの単回研究平均半減期2.8–7.4 hから中点5.1 hを選択。source_3のIV終末相平均は4.21 hであり異なる出典・要約。,"[""https://dailymed.nlm.nih.gov/dailymed/drugInfo.cfm?setid=c9d71191-b32a-44f9-bc5a-283a06884c82"", ""https://pubmed.ncbi.nlm.nih.gov/432439/""]",DailyMed Pharmacokinetics and metabolism; PMID432439 Abstract,mixed,5.1を実測平均ではなくfixture midpointと記録する。
verapamil,bioavailability,"{""value"": 0.2247, ""unit"": ""fraction""}",QUALIFIED,6名で120 mg経口/10 mg IV比較、平均22.47%=.2247は一致。単回条件であり反復、徐放製剤へ外挿できない。,"[""https://pubmed.ncbi.nlm.nih.gov/432439/""]","PMID432439 Abstract, oral administration paragraph",abstract,原著全文で経口製剤を確認する。抄録だけではimmediate_releaseと断定しない。
