drug,drug_id,source_id,source_key,source_url,source_record_index
abciximab,osp::abciximab,source_1,source_1,https://go.drugbank.com/drugs/DB00054,1
abciximab,osp::abciximab,source_2,source_2,https://pubmed.ncbi.nlm.nih.gov/11907493/,2
abciximab,osp::abciximab,source_3,source_3,https://www.researchgate.net/publication/232754238_Pharmacokinetics_PK_pharmacodynamics_PD_and_GPIIBIIIA_receptor_blockade_of_ABCIXIMAB_in_stable_angina_pectoris_patients,3
abciximab,osp::abciximab,source_4,source_4,https://www.sciencedirect.com/topics/biochemistry-genetics-and-molecular-biology/abciximab,4
abciximab,osp::abciximab,source_5,source_5,https://pubmed.ncbi.nlm.nih.gov/14618072/,5
abciximab,osp::abciximab,source_6,source_6,https://ascpt.onlinelibrary.wiley.com/doi/abs/10.1016/j.clpt.2003.11.342,6
aciclovir,osp::aciclovir,source_1,source_1,https://dailymed.nlm.nih.gov/dailymed/lookup.cfm?setid=e8a0f9f8-294f-4dd6-bd55-10a6253f1aa8,1
aciclovir,osp::aciclovir,source_2,source_2,https://pubmed.ncbi.nlm.nih.gov/6355048/,2
aciclovir,osp::aciclovir,source_3,source_3,https://www.sciencedirect.com/science/article/pii/S2590170220300339,3
aciclovir,osp::aciclovir,source_4,source_4,https://dailymed.nlm.nih.gov/dailymed/drugInfo.cfm?setid=69a98000-adef-4323-89a7-09e035a257d4,4
aciclovir,osp::aciclovir,source_5,source_5,https://pubmed.ncbi.nlm.nih.gov/7048912/,5
albuterol,OSP_albuterol,source_1,source_1,https://pubmed.ncbi.nlm.nih.gov/3790406/,1
alfentanil,osp::alfentanil,source_1,source_1,https://dailymed.nlm.nih.gov/dailymed/downloadpdffile.cfm?setId=c965d63f-933b-4a83-88f6-c8c74159530b,1
alprazolam,osp::alprazolam,source_1,source_1,https://pubmed.ncbi.nlm.nih.gov/8513649/,1
amikacin,osp::amikacin,source_1,source_1,https://dailymed.nlm.nih.gov/dailymed/drugInfo.cfm?setid=0b56f6df-a05d-4520-8bf0-d7cefe20f6ad,1
apixaban,OSP_apixaban,source_1,source_1,https://dailymed.nlm.nih.gov/dailymed/drugInfo.cfm?setid=095a08ac-cf0e-497e-a682-ddef38d6b29c,1
atazanavir,osp::atazanavir,source_1,source_1,https://dailymed.nlm.nih.gov/dailymed/drugInfo.cfm?setid=7fbea274-d6b5-4faa-bbf0-05fefab42114,1
atazanavir,osp::atazanavir,source_2,source_2,https://pmc.ncbi.nlm.nih.gov/articles/PMC1635184/,2
buprenorphine,OSP_buprenorphine,source_2,source_2,https://pmc.ncbi.nlm.nih.gov/articles/PMC3663890/,1
carbamazepine,OSP_carbamazepine,source_1,source_1,https://dailymed.nlm.nih.gov/dailymed/drugInfo.cfm?setid=52f0f753-a70c-4572-a85c-97ea7a2601a9,1
cda1,osp::cda1,source_1,source_1,https://pubmed.ncbi.nlm.nih.gov/18502001/,1
cda1,osp::cda1,source_2,source_2,https://pmc.ncbi.nlm.nih.gov/articles/PMC2628753/,2
cimetidine,osp::cimetidine,source_1,source_1,https://dailymed.nlm.nih.gov/dailymed/lookup.cfm?setid=496e258d-a5fd-42da-9a86-73afc8be359b,1
cimetidine,osp::cimetidine,source_2,source_2,https://pubmed.ncbi.nlm.nih.gov/7363531/,2
clarithromycin,osp::clarithromycin,source_1,source_1,https://dailymed.nlm.nih.gov/dailymed/lookup.cfm?setid=b1bdf526-4f16-4130-b614-4cb678f060d7,1
clarithromycin,osp::clarithromycin,source_2,source_2,https://pubmed.ncbi.nlm.nih.gov/10589373/,2
clarithromycin,osp::clarithromycin,source_3,source_3,https://journals.asm.org/doi/10.1128/aac.01193-08,3
dapagliflozin,OSP_dapagliflozin,source_1,source_1,https://www.accessdata.fda.gov/drugsatfda_docs/nda/2014/202293Orig1s000ClinPharmR.pdf,1
efavirenz,osp::efavirenz,source_1,source_1,https://dailymed.nlm.nih.gov/dailymed/lookup.cfm?setid=13ca3456-e5bf-4bb1-af95-b1378658a358,1
efavirenz,osp::efavirenz,source_2,source_2,https://pubmed.ncbi.nlm.nih.gov/40851704/,2
erythromycin,OSP_erythromycin,source_1,source_1,https://pmc.ncbi.nlm.nih.gov/articles/PMC3581054/,1
ethinylestradiol,osp::ethinylestradiol,source_1,source_1,https://dailymed.nlm.nih.gov/dailymed/drugInfo.cfm?setid=142c4b90-c9ab-45ce-9172-f1ea7d366686,1
ethinylestradiol,osp::ethinylestradiol,source_2,source_2,https://pmc.ncbi.nlm.nih.gov/articles/PMC4285808/,2
felodipine,osp::felodipine,source_1,source_1,https://pubmed.ncbi.nlm.nih.gov/1782737/,1
felodipine,osp::felodipine,source_2,source_2,https://pubmed.ncbi.nlm.nih.gov/3327676/,2
fluconazole,OSP_fluconazole,source_1,source_1,https://dailymed.nlm.nih.gov/dailymed/drugInfo.cfm?setid=f6e44764-c652-4926-b081-9111c82c7957,1
fluvoxamine,osp::fluvoxamine,source_1,source_1,https://dailymed.nlm.nih.gov/dailymed/lookup.cfm?setid=35b377d9-5b7a-4d8e-b6c1-4291d02f5dae,1
fluvoxamine,osp::fluvoxamine,source_2,source_2,https://link.springer.com/article/10.2165/00003088-199500291-00003,2
fluvoxamine,osp::fluvoxamine,source_3,source_3,https://www.clinpgx.org/pmid/7988100,3
fluvoxamine,osp::fluvoxamine,source_4,source_4,https://psychopharmacologyinstitute.com/section/fluvoxamine-essentials-mechanism-of-action-indications-pharmacokinetics-and-dosing-2051-4052/,4
fluvoxamine,osp::fluvoxamine,source_5,source_5,https://en.wikipedia.org/wiki/Fluvoxamine,5
fluvoxamine,osp::fluvoxamine,source_6,source_6,https://www.accessdata.fda.gov/drugsatfda_docs/label/2007/021519lbl.pdf,6
fluvoxamine,osp::fluvoxamine,source_7,source_7,https://pubmed.ncbi.nlm.nih.gov/9184622/,7
fluvoxamine,osp::fluvoxamine,source_8,source_8,https://go.drugbank.com/drugs/DB00176,8
inulin,osp::inulin,source_1,source_1,https://go.drugbank.com/drugs/DB00638,1
inulin,osp::inulin,source_2,source_2,https://www.sciencedirect.com/topics/immunology-and-microbiology/elimination-half-life,2
inulin,osp::inulin,source_3,source_3,https://pmc.ncbi.nlm.nih.gov/articles/PMC1873801/,3
itraconazole,osp::itraconazole,source_1,source_1,https://dailymed.nlm.nih.gov/dailymed/drugInfo.cfm?setid=b1274d78-1096-4ae3-8299-a2e94eaa0ea5,1
mefenamic_acid,osp::mefenamic_acid,source_1,source_1,https://dailymed.nlm.nih.gov/dailymed/fda/fdaDrugXsl.cfm?setid=d0291319-ab3e-20c8-e053-2a95a90afabb,1
mefenamic_acid,osp::mefenamic_acid,source_2,source_2,https://www.accessdata.fda.gov/drugsatfda_docs/label/2024/015034s046lbl.pdf,2
metoprolol,osp::metoprolol,source_1,source_1,https://dailymed.nlm.nih.gov/dailymed/lookup.cfm?setid=cbc32a80-717b-4cf2-b76a-6d03a3720419,1
metoprolol,osp::metoprolol,source_2,source_2,https://pubmed.ncbi.nlm.nih.gov/6102500/,2
mexiletine,osp::mexiletine,source_1,source_1,https://dailymed.nlm.nih.gov/dailymed/drugInfo.cfm?setid=ab73778b-6794-441c-b127-610a6d0733ea,1
mexiletine,osp::mexiletine,source_2,source_2,https://pubmed.ncbi.nlm.nih.gov/10589372/,2
moclobemide,osp::moclobemide,source_1,source_1,https://go.drugbank.com/drugs/DB01171,1
moclobemide,osp::moclobemide,source_2,source_2,https://pubmed.ncbi.nlm.nih.gov/2248087/,2
moclobemide,osp::moclobemide,source_3,source_3,https://pubmed.ncbi.nlm.nih.gov/8582117/,3
moclobemide,osp::moclobemide,source_4,source_4,https://en.wikipedia.org/wiki/Moclobemide,4
moclobemide,osp::moclobemide,source_5,source_5,https://pubmed.ncbi.nlm.nih.gov/3665338/,5
montelukast,osp::montelukast,source_1,source_1,https://pubmed.ncbi.nlm.nih.gov/9429741/,1
motavizumab_medi_524,osp::motavizumab_medi_524,source_1,source_1,https://pmc.ncbi.nlm.nih.gov/articles/PMC3837853/,1
motavizumab_yte,OSP_motavizumab_yte,source_1,source_1,https://pmc.ncbi.nlm.nih.gov/articles/PMC3837853/,1
omeprazole,osp::omeprazole,source_1,source_1,https://en.wikipedia.org/wiki/Omeprazole,1
omeprazole,osp::omeprazole,source_2,source_2,https://dailymed.nlm.nih.gov/dailymed/drugInfo.cfm?setid=d8b466e0-a35e-4fba-9d43-4e6c0122e7ad,2
omeprazole,osp::omeprazole,source_3,source_3,https://dailymed.nlm.nih.gov/dailymed/lookup.cfm?setid=a17e415e-a559-4a8d-a455-699184a01523,3
omeprazole,osp::omeprazole,source_4,source_4,https://pubmed.ncbi.nlm.nih.gov/2315973/,4
raltegravir,OSP_raltegravir,source_1,source_1,https://pmc.ncbi.nlm.nih.gov/articles/PMC3370715/,1
raltegravir,OSP_raltegravir,source_2,source_2,https://pubmed.ncbi.nlm.nih.gov/21746959/,2
sildenafil,osp::sildenafil,source_1,source_1,https://dailymed.nlm.nih.gov/dailymed/lookup.cfm?setid=7086e222-0f2b-4c02-84c0-4f8635c90993,1
sildenafil,osp::sildenafil,source_2,source_2,https://pmc.ncbi.nlm.nih.gov/articles/PMC1874251/,2
sildenafil,osp::sildenafil,source_3,source_3,https://www.accessdata.fda.gov/drugsatfda_docs/label/2007/020895s027lbl.pdf,3
sildenafil,osp::sildenafil,source_4,source_4,https://en.wikipedia.org/wiki/Sildenafil,4
sildenafil,osp::sildenafil,source_5,source_5,https://go.drugbank.com/drugs/DB00203,5
sildenafil,osp::sildenafil,source_6,source_6,https://labeling.pfizer.com/ShowLabeling.aspx?id=14610,6
sufentanil,OSP_sufentanil,source_1,source_1,https://dailymed.nlm.nih.gov/dailymed/drugInfo.cfm?setid=8b580f3d-e3b5-4086-b093-87a980631147,1
tefibazumab,osp::tefibazumab,source_1,source_1,https://pmc.ncbi.nlm.nih.gov/articles/PMC1610062/,1
tizanidine,osp::tizanidine,source_1,source_1,https://dailymed.nlm.nih.gov/dailymed/drugInfo.cfm?setid=043d9e51-bfa2-4add-9058-5ece332f7e99,1
triazolam,osp::triazolam,source_1,source_1,https://dailymed.nlm.nih.gov/dailymed/drugInfo.cfm?setid=ce6ddb53-89ca-4edf-a519-553d34ce7938,1
triazolam,osp::triazolam,source_2,source_2,https://go.drugbank.com/drugs/DB00897,2
triazolam,osp::triazolam,source_3,source_3,https://pmc.ncbi.nlm.nih.gov/articles/PMC1401197/,3
verapamil,osp::verapamil,source_1,source_1,https://dailymed.nlm.nih.gov/dailymed/drugInfo.cfm?setid=c9d71191-b32a-44f9-bc5a-283a06884c82,1
verapamil,osp::verapamil,source_2,source_2,https://pubchem.ncbi.nlm.nih.gov/compound/Verapamil,2
verapamil,osp::verapamil,source_3,source_3,https://pubmed.ncbi.nlm.nih.gov/432439/,3
